index,value,is_one,rolling_density_ones
1,1,1,
2,2,0,
3,2,0,
4,1,1,
5,1,1,
6,2,0,
7,1,1,
8,2,0,
9,2,0,
10,1,1,
11,2,0,
12,2,0,
13,1,1,
14,1,1,
15,2,0,
16,1,1,
17,1,1,
18,2,0,
19,2,0,
20,1,1,
21,2,0,
22,1,1,
23,1,1,
24,2,0,
25,1,1,
26,2,0,
27,2,0,
28,1,1,
29,1,1,
30,2,0,
31,1,1,
32,1,1,
33,2,0,
34,1,1,
35,2,0,
36,2,0,
37,1,1,
38,2,0,
39,2,0,
40,1,1,
41,1,1,
42,2,0,
43,1,1,
44,2,0,
45,2,0,
46,1,1,
47,2,0,
48,1,1,
49,1,1,
50,2,0,
51,1,1,
52,1,1,
53,2,0,
54,2,0,
55,1,1,
56,2,0,
57,2,0,
58,1,1,
59,1,1,
60,2,0,
61,1,1,
62,2,0,
63,2,0,
64,1,1,
65,2,0,
66,2,0,
67,1,1,
68,1,1,
69,2,0,
70,1,1,
71,1,1,
72,2,0,
73,1,1,
74,2,0,
75,2,0,
76,1,1,
77,2,0,
78,1,1,
79,1,1,
80,2,0,
81,2,0,
82,1,1,
83,2,0,
84,2,0,
85,1,1,
86,1,1,
87,2,0,
88,1,1,
89,2,0,
90,2,0,
91,1,1,
92,2,0,
93,2,0,
94,1,1,
95,1,1,
96,2,0,
97,1,1,
98,1,1,
99,2,0,
100,2,0,
101,1,1,
102,2,0,
103,1,1,
104,1,1,
105,2,0,
106,1,1,
107,2,0,
108,2,0,
109,1,1,
110,2,0,
111,2,0,
112,1,1,
113,1,1,
114,2,0,
115,1,1,
116,1,1,
117,2,0,
118,1,1,
119,2,0,
120,2,0,
121,1,1,
122,1,1,
123,2,0,
124,1,1,
125,1,1,
126,2,0,
127,2,0,
128,1,1,
129,2,0,
130,1,1,
131,1,1,
132,2,0,
133,1,1,
134,1,1,
135,2,0,
136,2,0,
137,1,1,
138,2,0,
139,2,0,
140,1,1,
141,1,1,
142,2,0,
143,1,1,
144,2,0,
145,2,0,
146,1,1,
147,2,0,
148,1,1,
149,1,1,
150,2,0,
151,2,0,
152,1,1,
153,2,0,
154,2,0,
155,1,1,
156,2,0,
157,1,1,
158,1,1,
159,2,0,
160,1,1,
161,1,1,
162,2,0,
163,2,0,
164,1,1,
165,2,0,
166,2,0,
167,1,1,
168,1,1,
169,2,0,
170,1,1,
171,2,0,
172,2,0,
173,1,1,
174,2,0,
175,1,1,
176,1,1,
177,2,0,
178,1,1,
179,1,1,
180,2,0,
181,2,0,
182,1,1,
183,2,0,
184,1,1,
185,1,1,
186,2,0,
187,1,1,
188,2,0,
189,2,0,
190,1,1,
191,1,1,
192,2,0,
193,1,1,
194,1,1,
195,2,0,
196,1,1,
197,2,0,
198,2,0,
199,1,1,
200,2,0,0.5
201,1,1,0.5
202,1,1,0.505
203,2,0,0.505
204,2,0,0.5
205,1,1,0.5
206,2,0,0.5
207,2,0,0.495
208,1,1,0.5
209,1,1,0.505
210,2,0,0.5
211,1,1,0.505
212,2,0,0.505
213,2,0,0.5
214,1,1,0.5
215,2,0,0.5
216,2,0,0.495
217,1,1,0.495
218,1,1,0.5
219,2,0,0.5
220,1,1,0.5
221,1,1,0.505
222,2,0,0.5
223,1,1,0.5
224,2,0,0.5
225,2,0,0.495
226,1,1,0.5
227,1,1,0.505
228,2,0,0.5
229,1,1,0.5
230,1,1,0.505
231,2,0,0.5
232,2,0,0.495
233,1,1,0.5
234,2,0,0.495
235,2,0,0.495
236,1,1,0.5
237,2,0,0.495
238,1,1,0.5
239,1,1,0.505
240,2,0,0.5
241,1,1,0.5
242,2,0,0.5
243,2,0,0.495
244,1,1,0.5
245,1,1,0.505
246,2,0,0.5
247,1,1,0.505
248,1,1,0.505
249,2,0,0.5
250,2,0,0.5
251,1,1,0.5
252,2,0,0.495
253,1,1,0.5
254,1,1,0.505
255,2,0,0.5
256,1,1,0.505
257,1,1,0.51
258,2,0,0.505
259,2,0,0.5
260,1,1,0.505
261,2,0,0.5
262,2,0,0.5
263,1,1,0.505
264,2,0,0.5
265,1,1,0.505
266,1,1,0.51
267,2,0,0.505
268,1,1,0.505
269,2,0,0.505
270,2,0,0.5
271,1,1,0.5
272,1,1,0.505
273,2,0,0.5
274,1,1,0.505
275,1,1,0.51
276,2,0,0.505
277,1,1,0.51
278,2,0,0.505
279,2,0,0.5
280,1,1,0.505
281,2,0,0.505
282,2,0,0.5
283,1,1,0.505
284,1,1,0.51
285,2,0,0.505
286,1,1,0.505
287,2,0,0.505
288,2,0,0.5
289,1,1,0.505
290,2,0,0.505
291,1,1,0.505
292,1,1,0.51
293,2,0,0.51
294,1,1,0.51
295,1,1,0.51
296,2,0,0.51
297,2,0,0.505
298,1,1,0.505
299,2,0,0.505
300,2,0,0.505
301,1,1,0.505
302,2,0,0.505
303,1,1,0.505
304,1,1,0.505
305,2,0,0.505
306,2,0,0.5
307,1,1,0.505
308,2,0,0.505
309,2,0,0.5
310,1,1,0.505
311,1,1,0.51
312,2,0,0.505
313,1,1,0.505
314,2,0,0.505
315,2,0,0.5
316,1,1,0.5
317,2,0,0.5
318,2,0,0.495
319,1,1,0.5
320,1,1,0.505
321,2,0,0.5
322,1,1,0.5
323,1,1,0.505
324,2,0,0.5
325,2,0,0.495
326,1,1,0.5
327,2,0,0.5
328,1,1,0.5
329,1,1,0.505
330,2,0,0.5
331,1,1,0.5
332,2,0,0.5
333,2,0,0.495
334,1,1,0.495
335,2,0,0.495
336,2,0,0.495
337,1,1,0.495
338,1,1,0.5
339,2,0,0.5
340,1,1,0.5
341,2,0,0.495
342,2,0,0.495
343,1,1,0.495
344,2,0,0.495
345,1,1,0.5
346,1,1,0.5
347,2,0,0.5
348,2,0,0.495
349,1,1,0.495
350,2,0,0.495
351,2,0,0.495
352,1,1,0.495
353,1,1,0.5
354,2,0,0.5
355,1,1,0.5
356,1,1,0.505
357,2,0,0.5
358,1,1,0.5
359,2,0,0.5
360,2,0,0.495
361,1,1,0.495
362,2,0,0.495
363,2,0,0.495
364,1,1,0.495
365,1,1,0.5
366,2,0,0.5
367,1,1,0.5
368,2,0,0.495
369,2,0,0.495
370,1,1,0.495
371,2,0,0.495
372,1,1,0.5
373,1,1,0.5
374,2,0,0.5
375,2,0,0.495
376,1,1,0.495
377,2,0,0.495
378,2,0,0.49
379,1,1,0.49
380,2,0,0.49
381,1,1,0.495
382,1,1,0.495
383,2,0,0.495
384,1,1,0.495
385,2,0,0.49
386,2,0,0.49
387,1,1,0.49
388,1,1,0.495
389,2,0,0.495
390,1,1,0.495
391,1,1,0.495
392,2,0,0.495
393,2,0,0.49
394,1,1,0.49
395,2,0,0.49
396,2,0,0.485
397,1,1,0.49
398,2,0,0.49
399,1,1,0.49
400,1,1,0.495
401,2,0,0.49
402,1,1,0.49
403,1,1,0.495
404,2,0,0.495
405,2,0,0.49
406,1,1,0.495
407,2,0,0.495
408,1,1,0.495
409,1,1,0.495
410,2,0,0.495
411,1,1,0.495
412,2,0,0.495
413,2,0,0.495
414,1,1,0.495
415,2,0,0.495
416,2,0,0.495
417,1,1,0.495
418,1,1,0.495
419,2,0,0.495
420,1,1,0.495
421,1,1,0.495
422,2,0,0.495
423,2,0,0.49
424,1,1,0.495
425,2,0,0.495
426,1,1,0.495
427,1,1,0.495
428,2,0,0.495
429,1,1,0.495
430,1,1,0.495
431,2,0,0.495
432,2,0,0.495
433,1,1,0.495
434,2,0,0.495
435,2,0,0.495
436,1,1,0.495
437,2,0,0.495
438,1,1,0.495
439,1,1,0.495
440,2,0,0.495
441,1,1,0.495
442,2,0,0.495
443,2,0,0.495
444,1,1,0.495
445,1,1,0.495
446,2,0,0.495
447,1,1,0.495
448,1,1,0.495
449,2,0,0.495
450,2,0,0.495
451,1,1,0.495
452,2,0,0.495
453,2,0,0.49
454,1,1,0.49
455,2,0,0.49
456,1,1,0.49
457,1,1,0.49
458,2,0,0.49
459,2,0,0.49
460,1,1,0.49
461,2,0,0.49
462,2,0,0.49
463,1,1,0.49
464,1,1,0.495
465,2,0,0.49
466,1,1,0.49
467,2,0,0.49
468,2,0,0.485
469,1,1,0.49
470,2,0,0.49
471,2,0,0.485
472,1,1,0.485
473,1,1,0.49
474,2,0,0.485
475,1,1,0.485
476,1,1,0.49
477,2,0,0.485
478,2,0,0.485
479,1,1,0.49
480,2,0,0.485
481,1,1,0.49
482,1,1,0.495
483,2,0,0.49
484,1,1,0.49
485,2,0,0.49
486,2,0,0.485
487,1,1,0.49
488,1,1,0.495
489,2,0,0.49
490,1,1,0.495
491,1,1,0.495
492,2,0,0.49
493,1,1,0.495
494,2,0,0.49
495,2,0,0.485
496,1,1,0.49
497,2,0,0.49
498,2,0,0.485
499,1,1,0.49
500,1,1,0.495
501,2,0,0.49
502,1,1,0.495
503,1,1,0.495
504,2,0,0.49
505,2,0,0.49
506,1,1,0.495
507,2,0,0.49
508,1,1,0.495
509,1,1,0.5
510,2,0,0.495
511,1,1,0.495
512,1,1,0.5
513,2,0,0.495
514,2,0,0.495
515,1,1,0.5
516,2,0,0.495
517,2,0,0.495
518,1,1,0.5
519,2,0,0.495
520,1,1,0.495
521,1,1,0.5
522,2,0,0.495
523,2,0,0.49
524,1,1,0.495
525,2,0,0.495
526,2,0,0.49
527,1,1,0.495
528,1,1,0.495
529,2,0,0.49
530,1,1,0.495
531,2,0,0.49
532,2,0,0.49
533,1,1,0.495
534,2,0,0.49
535,1,1,0.495
536,1,1,0.5
537,2,0,0.495
538,1,1,0.495
539,1,1,0.5
540,2,0,0.495
541,2,0,0.495
542,1,1,0.5
543,2,0,0.495
544,2,0,0.495
545,1,1,0.495
546,1,1,0.495
547,2,0,0.495
548,1,1,0.5
549,2,0,0.495
550,2,0,0.495
551,1,1,0.5
552,2,0,0.495
553,2,0,0.49
554,1,1,0.495
555,1,1,0.495
556,2,0,0.49
557,1,1,0.495
558,1,1,0.495
559,2,0,0.495
560,1,1,0.5
561,2,0,0.495
562,2,0,0.495
563,1,1,0.5
564,1,1,0.5
565,2,0,0.495
566,1,1,0.5
567,1,1,0.5
568,2,0,0.5
569,2,0,0.5
570,1,1,0.5
571,2,0,0.5
572,2,0,0.495
573,1,1,0.495
574,2,0,0.495
575,1,1,0.5
576,1,1,0.5
577,2,0,0.5
578,1,1,0.505
579,1,1,0.505
580,2,0,0.505
581,2,0,0.5
582,1,1,0.5
583,2,0,0.5
584,1,1,0.5
585,1,1,0.505
586,2,0,0.505
587,1,1,0.505
588,2,0,0.5
589,2,0,0.5
590,1,1,0.5
591,1,1,0.5
592,2,0,0.5
593,1,1,0.505
594,1,1,0.505
595,2,0,0.505
596,2,0,0.505
597,1,1,0.505
598,2,0,0.505
599,2,0,0.5
600,1,1,0.5
601,2,0,0.5
602,1,1,0.5
603,1,1,0.5
604,2,0,0.5
605,1,1,0.505
606,2,0,0.5
607,2,0,0.5
608,1,1,0.5
609,1,1,0.5
610,2,0,0.5
611,1,1,0.5
612,1,1,0.505
613,2,0,0.505
614,1,1,0.505
615,2,0,0.505
616,2,0,0.505
617,1,1,0.505
618,2,0,0.5
619,2,0,0.5
620,1,1,0.5
621,1,1,0.5
622,2,0,0.5
623,1,1,0.505
624,1,1,0.505
625,2,0,0.505
626,2,0,0.5
627,1,1,0.5
628,2,0,0.5
629,1,1,0.5
630,1,1,0.5
631,2,0,0.5
632,1,1,0.505
633,2,0,0.5
634,2,0,0.5
635,1,1,0.505
636,1,1,0.505
637,2,0,0.505
638,1,1,0.505
639,1,1,0.505
640,2,0,0.505
641,1,1,0.505
642,2,0,0.505
643,2,0,0.505
644,1,1,0.505
645,2,0,0.5
646,1,1,0.505
647,1,1,0.505
648,2,0,0.5
649,2,0,0.5
650,1,1,0.505
651,2,0,0.5
652,2,0,0.5
653,1,1,0.505
654,1,1,0.505
655,2,0,0.505
656,1,1,0.505
657,1,1,0.505
658,2,0,0.505
659,1,1,0.51
660,2,0,0.505
661,2,0,0.505
662,1,1,0.51
663,2,0,0.505
664,2,0,0.5
665,1,1,0.505
666,1,1,0.505
667,2,0,0.505
668,1,1,0.51
669,2,0,0.505
670,2,0,0.505
671,1,1,0.51
672,2,0,0.505
673,1,1,0.505
674,1,1,0.51
675,2,0,0.505
676,2,0,0.5
677,1,1,0.505
678,2,0,0.505
679,2,0,0.5
680,1,1,0.505
681,1,1,0.505
682,2,0,0.5
683,1,1,0.505
684,1,1,0.505
685,2,0,0.505
686,1,1,0.51
687,2,0,0.505
688,2,0,0.5
689,1,1,0.505
690,1,1,0.505
691,2,0,0.5
692,1,1,0.505
693,1,1,0.505
694,2,0,0.505
695,2,0,0.505
696,1,1,0.505
697,2,0,0.505
698,1,1,0.51
699,1,1,0.51
700,2,0,0.505
701,1,1,0.51
702,1,1,0.51
703,2,0,0.505
704,2,0,0.505
705,1,1,0.51
706,2,0,0.505
707,2,0,0.505
708,1,1,0.505
709,1,1,0.505
710,2,0,0.505
711,1,1,0.505
712,2,0,0.5
713,2,0,0.5
714,1,1,0.505
715,2,0,0.5
716,1,1,0.505
717,1,1,0.51
718,2,0,0.505
719,2,0,0.505
720,1,1,0.505
721,2,0,0.5
722,2,0,0.5
723,1,1,0.505
724,2,0,0.5
725,1,1,0.505
726,1,1,0.51
727,2,0,0.505
728,1,1,0.505
729,1,1,0.51
730,2,0,0.505
731,2,0,0.505
732,1,1,0.51
733,2,0,0.505
734,1,1,0.51
735,1,1,0.51
736,2,0,0.505
737,1,1,0.51
738,2,0,0.505
739,2,0,0.5
740,1,1,0.505
741,2,0,0.505
742,2,0,0.5
743,1,1,0.505
744,1,1,0.51
745,2,0,0.505
746,1,1,0.505
747,1,1,0.51
748,2,0,0.505
749,2,0,0.505
750,1,1,0.51
751,2,0,0.505
752,1,1,0.51
753,1,1,0.515
754,2,0,0.51
755,1,1,0.51
756,2,0,0.51
757,2,0,0.505
758,1,1,0.505
759,1,1,0.51
760,2,0,0.505
761,1,1,0.51
762,1,1,0.515
763,2,0,0.51
764,1,1,0.51
765,2,0,0.51
766,2,0,0.505
767,1,1,0.505
768,2,0,0.505
769,1,1,0.51
770,1,1,0.51
771,2,0,0.51
772,2,0,0.51
773,1,1,0.51
774,2,0,0.51
775,2,0,0.505
776,1,1,0.505
777,1,1,0.51
778,2,0,0.505
779,1,1,0.505
780,1,1,0.51
781,2,0,0.51
782,1,1,0.51
783,2,0,0.51
784,2,0,0.505
785,1,1,0.505
786,1,1,0.51
787,2,0,0.505
788,1,1,0.51
789,1,1,0.515
790,2,0,0.51
791,2,0,0.505
792,1,1,0.51
793,2,0,0.505
794,1,1,0.505
795,1,1,0.51
796,2,0,0.51
797,1,1,0.51
798,1,1,0.515
799,2,0,0.515
800,2,0,0.51
801,1,1,0.515
802,2,0,0.51
803,2,0,0.505
804,1,1,0.51
805,2,0,0.505
806,1,1,0.51
807,1,1,0.515
808,2,0,0.51
809,1,1,0.51
810,2,0,0.51
811,2,0,0.505
812,1,1,0.505
813,1,1,0.51
814,2,0,0.505
815,1,1,0.51
816,1,1,0.515
817,2,0,0.51
818,2,0,0.51
819,1,1,0.515
820,2,0,0.51
821,1,1,0.51
822,1,1,0.515
823,2,0,0.51
824,1,1,0.51
825,1,1,0.515
826,2,0,0.515
827,2,0,0.51
828,1,1,0.515
829,2,0,0.51
830,2,0,0.505
831,1,1,0.51
832,1,1,0.51
833,2,0,0.51
834,1,1,0.515
835,2,0,0.51
836,2,0,0.505
837,1,1,0.51
838,2,0,0.505
839,1,1,0.505
840,1,1,0.51
841,2,0,0.505
842,1,1,0.51
843,1,1,0.515
844,2,0,0.51
845,2,0,0.51
846,1,1,0.51
847,2,0,0.505
848,1,1,0.51
849,1,1,0.515
850,2,0,0.51
851,1,1,0.515
852,2,0,0.515
853,2,0,0.51
854,1,1,0.51
855,1,1,0.515
856,2,0,0.51
857,1,1,0.51
858,1,1,0.515
859,2,0,0.51
860,2,0,0.51
861,1,1,0.515
862,2,0,0.51
863,2,0,0.51
864,1,1,0.515
865,2,0,0.51
866,1,1,0.51
867,1,1,0.515
868,2,0,0.51
869,1,1,0.515
870,2,0,0.515
871,2,0,0.51
872,1,1,0.515
873,1,1,0.515
874,2,0,0.51
875,1,1,0.515
876,1,1,0.52
877,2,0,0.515
878,1,1,0.52
879,2,0,0.52
880,2,0,0.515
881,1,1,0.515
882,2,0,0.515
883,2,0,0.51
884,1,1,0.51
885,1,1,0.515
886,2,0,0.51
887,1,1,0.515
888,2,0,0.515
889,2,0,0.51
890,1,1,0.51
891,2,0,0.51
892,1,1,0.51
893,1,1,0.51
894,2,0,0.51
895,2,0,0.51
896,1,1,0.51
897,2,0,0.51
898,2,0,0.505
899,1,1,0.505
900,1,1,0.51
901,2,0,0.505
902,1,1,0.505
903,1,1,0.51
904,2,0,0.51
905,1,1,0.51
906,2,0,0.51
907,2,0,0.51
908,1,1,0.51
909,2,0,0.505
910,2,0,0.505
911,1,1,0.505
912,1,1,0.51
913,2,0,0.51
914,1,1,0.51
915,2,0,0.51
916,2,0,0.505
917,1,1,0.505
918,2,0,0.505
919,1,1,0.51
920,1,1,0.51
921,2,0,0.51
922,1,1,0.515
923,1,1,0.515
924,2,0,0.515
925,2,0,0.51
926,1,1,0.51
927,2,0,0.51
928,2,0,0.505
929,1,1,0.505
930,1,1,0.51
931,2,0,0.51
932,1,1,0.51
933,2,0,0.51
934,2,0,0.505
935,1,1,0.505
936,2,0,0.505
937,1,1,0.505
938,1,1,0.51
939,2,0,0.51
940,2,0,0.505
941,1,1,0.51
942,2,0,0.51
943,2,0,0.505
944,1,1,0.505
945,2,0,0.505
946,1,1,0.505
947,1,1,0.505
948,2,0,0.505
949,1,1,0.51
950,1,1,0.51
951,2,0,0.51
952,2,0,0.505
953,1,1,0.505
954,2,0,0.505
955,1,1,0.505
956,1,1,0.51
957,2,0,0.51
958,1,1,0.51
959,2,0,0.505
960,2,0,0.505
961,1,1,0.505
962,2,0,0.5
963,2,0,0.5
964,1,1,0.5
965,1,1,0.505
966,2,0,0.505
967,1,1,0.505
968,1,1,0.51
969,2,0,0.505
970,1,1,0.505
971,2,0,0.505
972,2,0,0.505
973,1,1,0.505
974,1,1,0.51
975,2,0,0.51
976,1,1,0.51
977,1,1,0.51
978,2,0,0.51
979,2,0,0.505
980,1,1,0.505
981,2,0,0.505
982,1,1,0.505
983,1,1,0.51
984,2,0,0.51
985,1,1,0.51
986,2,0,0.505
987,2,0,0.505
988,1,1,0.505
989,2,0,0.5
990,2,0,0.5
991,1,1,0.505
992,1,1,0.505
993,2,0,0.505
994,1,1,0.505
995,1,1,0.505
996,2,0,0.505
997,2,0,0.5
998,1,1,0.5
999,2,0,0.5
1000,1,1,0.505
1001,1,1,0.505
1002,2,0,0.505
1003,1,1,0.51
1004,1,1,0.51
1005,2,0,0.51
1006,2,0,0.505
1007,1,1,0.505
1008,2,0,0.505
1009,2,0,0.5
1010,1,1,0.505
1011,2,0,0.505
1012,1,1,0.505
1013,1,1,0.505
1014,2,0,0.505
1015,2,0,0.5
1016,1,1,0.5
1017,2,0,0.5
1018,2,0,0.5
1019,1,1,0.5
1020,1,1,0.505
1021,2,0,0.5
1022,1,1,0.5
1023,2,0,0.5
1024,2,0,0.495
1025,1,1,0.495
1026,2,0,0.495
1027,1,1,0.5
1028,1,1,0.5
1029,2,0,0.5
1030,1,1,0.505
1031,1,1,0.505
1032,2,0,0.5
1033,2,0,0.5
1034,1,1,0.5
1035,2,0,0.5
1036,1,1,0.505
1037,1,1,0.505
1038,2,0,0.505
1039,1,1,0.505
1040,2,0,0.5
1041,2,0,0.5
1042,1,1,0.5
1043,1,1,0.5
1044,2,0,0.5
1045,1,1,0.505
1046,1,1,0.505
1047,2,0,0.505
1048,1,1,0.505
1049,2,0,0.5
1050,2,0,0.5
1051,1,1,0.5
1052,2,0,0.5
1053,1,1,0.505
1054,1,1,0.505
1055,2,0,0.5
1056,2,0,0.5
1057,1,1,0.5
1058,2,0,0.495
1059,2,0,0.495
1060,1,1,0.5
1061,1,1,0.5
1062,2,0,0.5
1063,1,1,0.505
1064,2,0,0.5
1065,2,0,0.5
1066,1,1,0.5
1067,2,0,0.495
1068,2,0,0.495
1069,1,1,0.495
1070,1,1,0.5
1071,2,0,0.5
1072,1,1,0.5
1073,1,1,0.5
1074,2,0,0.5
1075,1,1,0.5
1076,2,0,0.495
1077,2,0,0.495
1078,1,1,0.495
1079,1,1,0.5
1080,2,0,0.5
1081,1,1,0.5
1082,1,1,0.505
1083,2,0,0.505
1084,2,0,0.5
1085,1,1,0.5
1086,2,0,0.5
1087,2,0,0.495
1088,1,1,0.5
1089,2,0,0.5
1090,1,1,0.5
1091,1,1,0.505
1092,2,0,0.5
1093,1,1,0.5
1094,2,0,0.5
1095,2,0,0.5
1096,1,1,0.5
1097,1,1,0.505
1098,2,0,0.505
1099,1,1,0.505
1100,1,1,0.505
1101,2,0,0.505
1102,1,1,0.505
1103,2,0,0.5
1104,2,0,0.5
1105,1,1,0.5
1106,2,0,0.5
1107,2,0,0.5
1108,1,1,0.5
1109,1,1,0.505
1110,2,0,0.505
1111,1,1,0.505
1112,1,1,0.505
1113,2,0,0.505
1114,2,0,0.5
1115,1,1,0.505
1116,2,0,0.505
1117,1,1,0.505
1118,1,1,0.51
1119,2,0,0.505
1120,1,1,0.505
1121,2,0,0.505
1122,2,0,0.5
1123,1,1,0.5
1124,1,1,0.505
1125,2,0,0.505
1126,1,1,0.505
1127,1,1,0.51
1128,2,0,0.51
1129,1,1,0.51
1130,2,0,0.505
1131,2,0,0.505
1132,1,1,0.505
1133,2,0,0.505
1134,2,0,0.505
1135,1,1,0.505
1136,1,1,0.51
1137,2,0,0.505
1138,1,1,0.505
1139,2,0,0.505
1140,2,0,0.505
1141,1,1,0.505
1142,2,0,0.505
1143,1,1,0.51
1144,1,1,0.51
1145,2,0,0.51
1146,1,1,0.51
1147,1,1,0.51
1148,2,0,0.51
1149,2,0,0.505
1150,1,1,0.505
1151,2,0,0.505
1152,2,0,0.505
1153,1,1,0.505
1154,2,0,0.505
1155,1,1,0.505
1156,1,1,0.505
1157,2,0,0.505
1158,2,0,0.5
1159,1,1,0.505
1160,2,0,0.505
1161,2,0,0.5
1162,1,1,0.505
1163,1,1,0.51
1164,2,0,0.505
1165,1,1,0.505
1166,2,0,0.505
1167,2,0,0.5
1168,1,1,0.5
1169,2,0,0.5
1170,1,1,0.5
1171,1,1,0.505
1172,2,0,0.505
1173,1,1,0.505
1174,1,1,0.505
1175,2,0,0.505
1176,2,0,0.5
1177,1,1,0.5
1178,2,0,0.5
1179,1,1,0.505
1180,1,1,0.505
1181,2,0,0.505
1182,1,1,0.505
1183,2,0,0.5
1184,2,0,0.5
1185,1,1,0.5
1186,1,1,0.505
1187,2,0,0.505
1188,1,1,0.505
1189,1,1,0.51
1190,2,0,0.51
1191,1,1,0.51
1192,2,0,0.505
1193,2,0,0.505
1194,1,1,0.505
1195,2,0,0.5
1196,1,1,0.505
1197,1,1,0.51
1198,2,0,0.505
1199,2,0,0.505
1200,1,1,0.505
1201,2,0,0.5
1202,2,0,0.5
1203,1,1,0.5
1204,1,1,0.5
1205,2,0,0.5
1206,1,1,0.505
1207,1,1,0.505
1208,2,0,0.505
1209,1,1,0.51
1210,2,0,0.505
1211,2,0,0.505
1212,1,1,0.505
1213,2,0,0.5
1214,2,0,0.5
1215,1,1,0.505
1216,1,1,0.505
1217,2,0,0.505
1218,1,1,0.51
1219,2,0,0.505
1220,2,0,0.5
1221,1,1,0.505
1222,2,0,0.5
1223,1,1,0.505
1224,1,1,0.51
1225,2,0,0.505
1226,2,0,0.505
1227,1,1,0.505
1228,2,0,0.5
1229,2,0,0.5
1230,1,1,0.5
1231,2,0,0.495
1232,1,1,0.5
1233,1,1,0.505
1234,2,0,0.5
1235,1,1,0.505
1236,2,0,0.5
1237,2,0,0.495
1238,1,1,0.5
1239,1,1,0.5
1240,2,0,0.5
1241,1,1,0.505
1242,1,1,0.505
1243,2,0,0.5
1244,2,0,0.5
1245,1,1,0.5
1246,2,0,0.495
1247,1,1,0.5
1248,1,1,0.5
1249,2,0,0.5
1250,1,1,0.505
1251,1,1,0.505
1252,2,0,0.505
1253,2,0,0.5
1254,1,1,0.5
1255,2,0,0.5
1256,2,0,0.5
1257,1,1,0.5
1258,2,0,0.5
1259,1,1,0.505
1260,1,1,0.505
1261,2,0,0.5
1262,1,1,0.505
1263,2,0,0.5
1264,2,0,0.5
1265,1,1,0.505
1266,1,1,0.505
1267,2,0,0.505
1268,1,1,0.51
1269,1,1,0.51
1270,2,0,0.505
1271,1,1,0.51
1272,2,0,0.505
1273,2,0,0.5
1274,1,1,0.505
1275,2,0,0.5
1276,2,0,0.5
1277,1,1,0.505
1278,1,1,0.505
1279,2,0,0.5
1280,1,1,0.505
1281,2,0,0.5
1282,2,0,0.495
1283,1,1,0.5
1284,2,0,0.5
1285,1,1,0.5
1286,1,1,0.505
1287,2,0,0.505
1288,2,0,0.5
1289,1,1,0.505
1290,2,0,0.5
1291,2,0,0.495
1292,1,1,0.5
1293,1,1,0.5
1294,2,0,0.5
1295,1,1,0.505
1296,1,1,0.505
1297,2,0,0.5
1298,1,1,0.505
1299,2,0,0.5
1300,2,0,0.495
1301,1,1,0.5
1302,2,0,0.495
1303,2,0,0.495
1304,1,1,0.5
1305,1,1,0.5
1306,2,0,0.5
1307,1,1,0.505
1308,2,0,0.5
1309,2,0,0.495
1310,1,1,0.5
1311,2,0,0.495
1312,1,1,0.495
1313,1,1,0.5
1314,2,0,0.5
1315,1,1,0.5
1316,1,1,0.505
1317,2,0,0.5
1318,2,0,0.495
1319,1,1,0.5
1320,2,0,0.495
1321,2,0,0.495
1322,1,1,0.5
1323,1,1,0.5
1324,2,0,0.495
1325,1,1,0.5
1326,2,0,0.495
1327,2,0,0.49
1328,1,1,0.495
1329,2,0,0.49
1330,2,0,0.49
1331,1,1,0.495
1332,1,1,0.495
1333,2,0,0.495
1334,1,1,0.5
1335,1,1,0.5
1336,2,0,0.495
1337,1,1,0.5
1338,2,0,0.495
1339,2,0,0.495
1340,1,1,0.5
1341,1,1,0.5
1342,2,0,0.5
1343,1,1,0.5
1344,1,1,0.5
1345,2,0,0.5
1346,2,0,0.495
1347,1,1,0.495
1348,2,0,0.495
1349,1,1,0.5
1350,1,1,0.5
1351,2,0,0.5
1352,1,1,0.505
1353,2,0,0.5
1354,2,0,0.5
1355,1,1,0.5
1356,2,0,0.495
1357,2,0,0.495
1358,1,1,0.5
1359,1,1,0.5
1360,2,0,0.5
1361,1,1,0.505
1362,1,1,0.505
1363,2,0,0.5
1364,2,0,0.5
1365,1,1,0.5
1366,2,0,0.5
1367,1,1,0.505
1368,1,1,0.505
1369,2,0,0.505
1370,1,1,0.505
1371,1,1,0.505
1372,2,0,0.505
1373,2,0,0.5
1374,1,1,0.5
1375,2,0,0.5
1376,2,0,0.5
1377,1,1,0.5
1378,2,0,0.5
1379,1,1,0.5
1380,1,1,0.5
1381,2,0,0.5
1382,1,1,0.5
1383,2,0,0.5
1384,2,0,0.5
1385,1,1,0.5
1386,1,1,0.5
1387,2,0,0.5
1388,1,1,0.5
1389,1,1,0.5
1390,2,0,0.5
1391,2,0,0.495
1392,1,1,0.5
1393,2,0,0.5
1394,1,1,0.5
1395,1,1,0.505
1396,2,0,0.5
1397,1,1,0.5
1398,1,1,0.505
1399,2,0,0.505
1400,2,0,0.5
1401,1,1,0.505
1402,2,0,0.505
1403,2,0,0.5
1404,1,1,0.5
1405,2,0,0.5
1406,1,1,0.5
1407,1,1,0.5
1408,2,0,0.5
1409,2,0,0.495
1410,1,1,0.5
1411,2,0,0.5
1412,2,0,0.495
1413,1,1,0.5
1414,1,1,0.505
1415,2,0,0.5
1416,1,1,0.5
1417,1,1,0.505
1418,2,0,0.5
1419,1,1,0.505
1420,2,0,0.505
1421,2,0,0.5
1422,1,1,0.505
1423,2,0,0.5
1424,1,1,0.5
1425,1,1,0.505
1426,2,0,0.505
1427,2,0,0.5
1428,1,1,0.505
1429,2,0,0.505
1430,2,0,0.5
1431,1,1,0.505
1432,2,0,0.5
1433,1,1,0.5
1434,1,1,0.505
1435,2,0,0.5
1436,1,1,0.505
1437,1,1,0.51
1438,2,0,0.505
1439,2,0,0.5
1440,1,1,0.505
1441,2,0,0.5
1442,2,0,0.495
1443,1,1,0.5
1444,1,1,0.505
1445,2,0,0.5
1446,1,1,0.505
1447,2,0,0.5
1448,2,0,0.495
1449,1,1,0.5
1450,2,0,0.495
1451,1,1,0.495
1452,1,1,0.5
1453,2,0,0.5
1454,1,1,0.5
1455,1,1,0.505
1456,2,0,0.505
1457,2,0,0.5
1458,1,1,0.505
1459,2,0,0.5
1460,1,1,0.5
1461,1,1,0.505
1462,2,0,0.5
1463,1,1,0.505
1464,2,0,0.505
1465,2,0,0.5
1466,1,1,0.5
1467,1,1,0.505
1468,2,0,0.5
1469,1,1,0.5
1470,1,1,0.505
1471,2,0,0.5
1472,1,1,0.505
1473,2,0,0.505
1474,2,0,0.5
1475,1,1,0.505
1476,2,0,0.505
1477,2,0,0.5
1478,1,1,0.5
1479,1,1,0.505
1480,2,0,0.5
1481,1,1,0.505
1482,1,1,0.51
1483,2,0,0.505
1484,2,0,0.505
1485,1,1,0.505
1486,2,0,0.5
1487,1,1,0.505
1488,1,1,0.51
1489,2,0,0.505
1490,1,1,0.51
1491,2,0,0.51
1492,2,0,0.505
1493,1,1,0.505
1494,1,1,0.51
1495,2,0,0.505
1496,1,1,0.505
1497,1,1,0.51
1498,2,0,0.505
1499,1,1,0.51
1500,2,0,0.51
1501,2,0,0.505
1502,1,1,0.51
1503,2,0,0.51
1504,1,1,0.51
1505,1,1,0.51
1506,2,0,0.51
1507,2,0,0.505
1508,1,1,0.51
1509,2,0,0.51
1510,2,0,0.505
1511,1,1,0.51
1512,1,1,0.51
1513,2,0,0.505
1514,1,1,0.51
1515,1,1,0.51
1516,2,0,0.505
1517,1,1,0.51
1518,2,0,0.51
1519,2,0,0.505
1520,1,1,0.51
1521,1,1,0.515
1522,2,0,0.51
1523,1,1,0.51
1524,1,1,0.515
1525,2,0,0.51
1526,2,0,0.51
1527,1,1,0.515
1528,2,0,0.51
1529,1,1,0.515
1530,1,1,0.52
1531,2,0,0.515
1532,1,1,0.515
1533,1,1,0.52
1534,2,0,0.515
1535,2,0,0.51
1536,1,1,0.515
1537,2,0,0.51
1538,2,0,0.51
1539,1,1,0.515
1540,2,0,0.51
1541,1,1,0.51
1542,1,1,0.515
1543,2,0,0.51
1544,1,1,0.51
1545,2,0,0.51
1546,2,0,0.51
1547,1,1,0.51
1548,1,1,0.515
1549,2,0,0.51
1550,1,1,0.51
1551,1,1,0.515
1552,2,0,0.51
1553,1,1,0.515
1554,2,0,0.515
1555,2,0,0.51
1556,1,1,0.515
1557,2,0,0.515
1558,2,0,0.51
1559,1,1,0.51
1560,1,1,0.515
1561,2,0,0.51
1562,1,1,0.51
1563,2,0,0.51
1564,2,0,0.51
1565,1,1,0.51
1566,2,0,0.51
1567,1,1,0.51
1568,1,1,0.51
1569,2,0,0.51
1570,1,1,0.51
1571,1,1,0.51
1572,2,0,0.51
1573,2,0,0.51
1574,1,1,0.51
1575,2,0,0.51
1576,2,0,0.51
1577,1,1,0.51
1578,2,0,0.51
1579,1,1,0.51
1580,1,1,0.51
1581,2,0,0.51
1582,2,0,0.505
1583,1,1,0.51
1584,2,0,0.51
1585,2,0,0.505
1586,1,1,0.505
1587,1,1,0.51
1588,2,0,0.505
1589,1,1,0.505
1590,2,0,0.505
1591,2,0,0.505
1592,1,1,0.505
1593,2,0,0.505
1594,2,0,0.5
1595,1,1,0.5
1596,1,1,0.505
1597,2,0,0.5
1598,1,1,0.5
1599,1,1,0.505
1600,2,0,0.505
1601,2,0,0.5
1602,1,1,0.505
1603,2,0,0.505
1604,1,1,0.505
1605,1,1,0.51
1606,2,0,0.505
1607,1,1,0.505
1608,2,0,0.505
1609,2,0,0.505
1610,1,1,0.505
1611,2,0,0.505
1612,2,0,0.505
1613,1,1,0.505
1614,1,1,0.505
1615,2,0,0.505
1616,1,1,0.505
1617,2,0,0.5
1618,2,0,0.5
1619,1,1,0.5
1620,2,0,0.5
1621,1,1,0.505
1622,1,1,0.505
1623,2,0,0.505
1624,2,0,0.5
1625,1,1,0.5
1626,2,0,0.5
1627,2,0,0.5
1628,1,1,0.5
1629,1,1,0.505
1630,2,0,0.505
1631,1,1,0.505
1632,1,1,0.51
1633,2,0,0.505
1634,1,1,0.505
1635,2,0,0.505
1636,2,0,0.5
1637,1,1,0.5
1638,2,0,0.5
1639,2,0,0.5
1640,1,1,0.5
1641,1,1,0.505
1642,2,0,0.505
1643,1,1,0.505
1644,2,0,0.5
1645,2,0,0.5
1646,1,1,0.5
1647,2,0,0.5
1648,1,1,0.505
1649,1,1,0.505
1650,2,0,0.505
1651,1,1,0.505
1652,1,1,0.505
1653,2,0,0.505
1654,2,0,0.5
1655,1,1,0.5
1656,2,0,0.5
1657,2,0,0.5
1658,1,1,0.5
1659,1,1,0.505
1660,2,0,0.5
1661,1,1,0.5
1662,2,0,0.5
1663,2,0,0.495
1664,1,1,0.5
1665,2,0,0.5
1666,1,1,0.5
1667,1,1,0.5
1668,2,0,0.5
1669,2,0,0.495
1670,1,1,0.495
1671,2,0,0.495
1672,2,0,0.49
1673,1,1,0.495
1674,2,0,0.495
1675,1,1,0.495
1676,1,1,0.5
1677,2,0,0.5
1678,1,1,0.5
1679,1,1,0.5
1680,2,0,0.5
1681,2,0,0.495
1682,1,1,0.495
1683,2,0,0.495
1684,1,1,0.5
1685,1,1,0.5
1686,2,0,0.5
1687,1,1,0.5
1688,2,0,0.495
1689,2,0,0.495
1690,1,1,0.495
1691,2,0,0.495
1692,2,0,0.495
1693,1,1,0.495
1694,1,1,0.495
1695,2,0,0.495
1696,1,1,0.495
1697,1,1,0.495
1698,2,0,0.495
1699,2,0,0.49
1700,1,1,0.495
1701,2,0,0.495
1702,1,1,0.495
1703,1,1,0.5
1704,2,0,0.495
1705,1,1,0.495
1706,1,1,0.5
1707,2,0,0.5
1708,2,0,0.495
1709,1,1,0.5
1710,2,0,0.5
1711,2,0,0.495
1712,1,1,0.495
1713,2,0,0.495
1714,1,1,0.495
1715,1,1,0.495
1716,2,0,0.495
1717,1,1,0.495
1718,2,0,0.495
1719,2,0,0.495
1720,1,1,0.495
1721,1,1,0.495
1722,2,0,0.495
1723,1,1,0.495
1724,1,1,0.495
1725,2,0,0.495
1726,2,0,0.495
1727,1,1,0.495
1728,2,0,0.495
1729,2,0,0.49
1730,1,1,0.49
1731,2,0,0.49
1732,1,1,0.49
1733,1,1,0.49
1734,2,0,0.49
1735,2,0,0.49
1736,1,1,0.49
1737,2,0,0.49
1738,2,0,0.49
1739,1,1,0.49
1740,1,1,0.495
1741,2,0,0.49
1742,1,1,0.49
1743,2,0,0.49
1744,2,0,0.485
1745,1,1,0.49
1746,2,0,0.49
1747,2,0,0.485
1748,1,1,0.485
1749,1,1,0.49
1750,2,0,0.485
1751,1,1,0.485
1752,1,1,0.49
1753,2,0,0.485
1754,1,1,0.49
1755,2,0,0.49
1756,2,0,0.485
1757,1,1,0.49
1758,2,0,0.49
1759,1,1,0.49
1760,1,1,0.49
1761,2,0,0.49
1762,2,0,0.485
1763,1,1,0.49
1764,2,0,0.49
1765,2,0,0.485
1766,1,1,0.49
1767,2,0,0.485
1768,1,1,0.485
1769,1,1,0.49
1770,2,0,0.485
1771,1,1,0.485
1772,1,1,0.49
1773,2,0,0.49
1774,2,0,0.485
1775,1,1,0.49
1776,2,0,0.49
1777,1,1,0.49
1778,1,1,0.495
1779,2,0,0.49
1780,1,1,0.49
1781,2,0,0.49
1782,2,0,0.49
1783,1,1,0.49
1784,2,0,0.49
1785,2,0,0.49
1786,1,1,0.49
1787,1,1,0.49
1788,2,0,0.49
1789,1,1,0.49
1790,1,1,0.495
1791,2,0,0.495
1792,1,1,0.495
1793,2,0,0.495
1794,2,0,0.495
1795,1,1,0.495
1796,1,1,0.495
1797,2,0,0.495
1798,1,1,0.495
1799,1,1,0.495
1800,2,0,0.495
1801,2,0,0.495
1802,1,1,0.495
1803,2,0,0.495
1804,1,1,0.495
1805,1,1,0.495
1806,2,0,0.495
1807,1,1,0.495
1808,2,0,0.495
1809,2,0,0.495
1810,1,1,0.495
1811,2,0,0.495
1812,2,0,0.495
1813,1,1,0.495
1814,1,1,0.495
1815,2,0,0.495
1816,1,1,0.495
1817,1,1,0.5
1818,2,0,0.5
1819,2,0,0.495
1820,1,1,0.5
1821,2,0,0.495
1822,1,1,0.495
1823,1,1,0.5
1824,2,0,0.5
1825,1,1,0.5
1826,1,1,0.505
1827,2,0,0.505
1828,2,0,0.5
1829,1,1,0.5
1830,2,0,0.5
1831,2,0,0.495
1832,1,1,0.495
1833,2,0,0.495
1834,1,1,0.495
1835,1,1,0.5
1836,2,0,0.5
1837,2,0,0.495
1838,1,1,0.5
1839,2,0,0.5
1840,2,0,0.495
1841,1,1,0.495
1842,1,1,0.5
1843,2,0,0.495
1844,1,1,0.5
1845,1,1,0.505
1846,2,0,0.5
1847,1,1,0.505
1848,2,0,0.5
1849,2,0,0.495
1850,1,1,0.5
1851,2,0,0.495
1852,2,0,0.49
1853,1,1,0.495
1854,1,1,0.5
1855,2,0,0.495
1856,1,1,0.5
1857,2,0,0.5
1858,2,0,0.495
1859,1,1,0.495
1860,2,0,0.495
1861,1,1,0.495
1862,1,1,0.5
1863,2,0,0.5
1864,2,0,0.495
1865,1,1,0.5
1866,2,0,0.495
1867,2,0,0.49
1868,1,1,0.495
1869,2,0,0.495
1870,1,1,0.495
1871,1,1,0.5
1872,2,0,0.5
1873,1,1,0.5
1874,2,0,0.5
1875,2,0,0.495
1876,1,1,0.495
1877,1,1,0.5
1878,2,0,0.495
1879,1,1,0.495
1880,1,1,0.5
1881,2,0,0.5
1882,2,0,0.495
1883,1,1,0.5
1884,2,0,0.495
1885,2,0,0.49
1886,1,1,0.495
1887,2,0,0.49
1888,1,1,0.495
1889,1,1,0.5
1890,2,0,0.495
1891,1,1,0.5
1892,1,1,0.505
1893,2,0,0.5
1894,2,0,0.495
1895,1,1,0.5
1896,2,0,0.495
1897,1,1,0.495
1898,1,1,0.5
1899,2,0,0.5
1900,1,1,0.5
1901,2,0,0.5
1902,2,0,0.495
1903,1,1,0.495
1904,2,0,0.495
1905,2,0,0.49
1906,1,1,0.49
1907,1,1,0.495
1908,2,0,0.495
1909,1,1,0.495
1910,1,1,0.5
1911,2,0,0.5
1912,2,0,0.495
1913,1,1,0.5
1914,2,0,0.495
1915,1,1,0.495
1916,1,1,0.5
1917,2,0,0.495
1918,1,1,0.5
1919,1,1,0.505
1920,2,0,0.5
1921,2,0,0.495
1922,1,1,0.5
1923,2,0,0.495
1924,2,0,0.49
1925,1,1,0.495
1926,2,0,0.495
1927,1,1,0.495
1928,1,1,0.5
1929,2,0,0.5
1930,2,0,0.495
1931,1,1,0.5
1932,2,0,0.495
1933,2,0,0.49
1934,1,1,0.495
1935,1,1,0.5
1936,2,0,0.495
1937,1,1,0.5
1938,2,0,0.5
1939,2,0,0.495
1940,1,1,0.495
1941,2,0,0.495
1942,1,1,0.495
1943,1,1,0.5
1944,2,0,0.5
1945,1,1,0.5
1946,1,1,0.505
1947,2,0,0.505
1948,2,0,0.5
1949,1,1,0.5
1950,2,0,0.5
1951,2,0,0.495
1952,1,1,0.495
1953,1,1,0.5
1954,2,0,0.495
1955,1,1,0.5
1956,2,0,0.5
1957,2,0,0.495
1958,1,1,0.5
1959,2,0,0.495
1960,2,0,0.49
1961,1,1,0.495
1962,1,1,0.5
1963,2,0,0.495
1964,1,1,0.5
1965,1,1,0.505
1966,2,0,0.5
1967,1,1,0.505
1968,2,0,0.5
1969,2,0,0.495
1970,1,1,0.5
1971,2,0,0.495
1972,1,1,0.495
1973,1,1,0.5
1974,2,0,0.5
1975,2,0,0.495
1976,1,1,0.5
1977,2,0,0.495
1978,2,0,0.49
1979,1,1,0.495
1980,1,1,0.495
1981,2,0,0.495
1982,1,1,0.5
1983,2,0,0.495
1984,2,0,0.495
1985,1,1,0.5
1986,2,0,0.495
1987,2,0,0.49
1988,1,1,0.495
1989,1,1,0.495
1990,2,0,0.49
1991,1,1,0.495
1992,1,1,0.495
1993,2,0,0.495
1994,2,0,0.495
1995,1,1,0.495
1996,2,0,0.49
1997,1,1,0.495
1998,1,1,0.495
1999,2,0,0.49
2000,1,1,0.495
2001,2,0,0.495
2002,2,0,0.49
2003,1,1,0.495
2004,2,0,0.49
2005,2,0,0.485
2006,1,1,0.49
2007,1,1,0.49
2008,2,0,0.49
2009,1,1,0.495
2010,2,0,0.49
2011,2,0,0.49
2012,1,1,0.495
2013,2,0,0.49
2014,1,1,0.49
2015,1,1,0.495
2016,2,0,0.49
2017,2,0,0.485
2018,1,1,0.49
2019,2,0,0.49
2020,2,0,0.485
2021,1,1,0.49
2022,2,0,0.485
2023,1,1,0.485
2024,1,1,0.49
2025,2,0,0.485
2026,1,1,0.485
2027,1,1,0.49
2028,2,0,0.49
2029,2,0,0.485
2030,1,1,0.49
2031,2,0,0.49
2032,2,0,0.485
2033,1,1,0.49
2034,1,1,0.49
2035,2,0,0.485
2036,1,1,0.49
2037,2,0,0.49
2038,2,0,0.485
2039,1,1,0.49
2040,2,0,0.49
2041,1,1,0.49
2042,1,1,0.49
2043,2,0,0.49
2044,2,0,0.485
2045,1,1,0.485
2046,2,0,0.485
2047,2,0,0.48
2048,1,1,0.485
2049,2,0,0.485
2050,1,1,0.485
2051,1,1,0.49
2052,2,0,0.49
2053,1,1,0.49
2054,2,0,0.485
2055,2,0,0.485
2056,1,1,0.485
2057,1,1,0.49
2058,2,0,0.49
2059,1,1,0.49
2060,1,1,0.495
2061,2,0,0.49
2062,2,0,0.485
2063,1,1,0.49
2064,2,0,0.49
2065,2,0,0.485
2066,1,1,0.49
2067,2,0,0.49
2068,1,1,0.49
2069,1,1,0.495
2070,2,0,0.49
2071,1,1,0.49
2072,1,1,0.495
2073,2,0,0.49
2074,2,0,0.49
2075,1,1,0.495
2076,2,0,0.49
2077,1,1,0.49
2078,1,1,0.495
2079,2,0,0.49
2080,1,1,0.49
2081,2,0,0.49
2082,2,0,0.49
2083,1,1,0.49
2084,1,1,0.495
2085,2,0,0.495
2086,1,1,0.495
2087,1,1,0.5
2088,2,0,0.495
2089,1,1,0.495
2090,2,0,0.495
2091,2,0,0.49
2092,1,1,0.49
2093,2,0,0.49
2094,1,1,0.495
2095,1,1,0.495
2096,2,0,0.495
2097,2,0,0.49
2098,1,1,0.49
2099,2,0,0.49
2100,2,0,0.485
2101,1,1,0.49
2102,1,1,0.495
2103,2,0,0.49
2104,1,1,0.495
2105,1,1,0.5
2106,2,0,0.495
2107,1,1,0.495
2108,2,0,0.495
2109,2,0,0.49
2110,1,1,0.49
2111,1,1,0.495
2112,2,0,0.495
2113,1,1,0.495
2114,1,1,0.5
2115,2,0,0.495
2116,2,0,0.49
2117,1,1,0.495
2118,2,0,0.49
2119,1,1,0.49
2120,1,1,0.495
2121,2,0,0.495
2122,1,1,0.495
2123,2,0,0.495
2124,2,0,0.495
2125,1,1,0.495
2126,2,0,0.495
2127,2,0,0.49
2128,1,1,0.49
2129,1,1,0.495
2130,2,0,0.495
2131,1,1,0.495
2132,1,1,0.5
2133,2,0,0.5
2134,1,1,0.5
2135,2,0,0.495
2136,2,0,0.495
2137,1,1,0.495
2138,1,1,0.5
2139,2,0,0.5
2140,1,1,0.5
2141,1,1,0.505
2142,2,0,0.5
2143,2,0,0.495
2144,1,1,0.5
2145,2,0,0.495
2146,2,0,0.49
2147,1,1,0.495
2148,2,0,0.495
2149,1,1,0.495
2150,1,1,0.5
2151,2,0,0.5
2152,1,1,0.5
2153,2,0,0.495
2154,2,0,0.495
2155,1,1,0.495
2156,1,1,0.5
2157,2,0,0.5
2158,1,1,0.5
2159,1,1,0.505
2160,2,0,0.505
2161,2,0,0.5
2162,1,1,0.5
2163,2,0,0.5
2164,1,1,0.5
2165,1,1,0.5
2166,2,0,0.5
2167,1,1,0.5
2168,1,1,0.505
2169,2,0,0.505
2170,2,0,0.5
2171,1,1,0.505
2172,2,0,0.5
2173,2,0,0.495
2174,1,1,0.5
2175,2,0,0.5
2176,1,1,0.5
2177,1,1,0.505
2178,2,0,0.505
2179,1,1,0.505
2180,2,0,0.5
2181,2,0,0.5
2182,1,1,0.5
2183,1,1,0.505
2184,2,0,0.505
2185,1,1,0.505
2186,1,1,0.51
2187,2,0,0.51
2188,1,1,0.51
2189,2,0,0.505
2190,2,0,0.505
2191,1,1,0.505
2192,2,0,0.5
2193,2,0,0.5
2194,1,1,0.505
2195,1,1,0.505
2196,2,0,0.505
2197,1,1,0.505
2198,2,0,0.5
2199,2,0,0.5
2200,1,1,0.5
2201,2,0,0.5
2202,1,1,0.505
2203,1,1,0.505
2204,2,0,0.505
2205,1,1,0.51
2206,1,1,0.51
2207,2,0,0.505
2208,2,0,0.505
2209,1,1,0.505
2210,2,0,0.505
2211,2,0,0.505
2212,1,1,0.505
2213,1,1,0.51
2214,2,0,0.505
2215,1,1,0.505
2216,2,0,0.505
2217,2,0,0.505
2218,1,1,0.505
2219,2,0,0.505
2220,1,1,0.51
2221,1,1,0.51
2222,2,0,0.51
2223,2,0,0.505
2224,1,1,0.505
2225,2,0,0.505
2226,2,0,0.5
2227,1,1,0.5
2228,2,0,0.5
2229,1,1,0.505
2230,1,1,0.505
2231,2,0,0.505
2232,1,1,0.51
2233,1,1,0.51
2234,2,0,0.505
2235,2,0,0.505
2236,1,1,0.505
2237,2,0,0.505
2238,1,1,0.51
2239,1,1,0.51
2240,2,0,0.51
2241,1,1,0.51
2242,2,0,0.505
2243,2,0,0.505
2244,1,1,0.51
2245,2,0,0.505
2246,2,0,0.505
2247,1,1,0.51
2248,1,1,0.51
2249,2,0,0.51
2250,1,1,0.51
2251,1,1,0.51
2252,2,0,0.51
2253,1,1,0.51
2254,2,0,0.51
2255,2,0,0.51
2256,1,1,0.51
2257,1,1,0.51
2258,2,0,0.51
2259,1,1,0.51
2260,1,1,0.51
2261,2,0,0.51
2262,2,0,0.51
2263,1,1,0.51
2264,2,0,0.51
2265,1,1,0.515
2266,1,1,0.515
2267,2,0,0.515
2268,1,1,0.515
2269,2,0,0.51
2270,2,0,0.51
2271,1,1,0.51
2272,2,0,0.505
2273,2,0,0.505
2274,1,1,0.51
2275,1,1,0.51
2276,2,0,0.51
2277,1,1,0.51
2278,2,0,0.505
2279,2,0,0.505
2280,1,1,0.505
2281,2,0,0.505
2282,1,1,0.51
2283,1,1,0.51
2284,2,0,0.505
2285,2,0,0.505
2286,1,1,0.505
2287,2,0,0.5
2288,2,0,0.5
2289,1,1,0.5
2290,2,0,0.5
2291,1,1,0.505
2292,1,1,0.505
2293,2,0,0.505
2294,1,1,0.505
2295,2,0,0.5
2296,2,0,0.5
2297,1,1,0.505
2298,1,1,0.505
2299,2,0,0.505
2300,1,1,0.51
2301,1,1,0.51
2302,2,0,0.505
2303,2,0,0.505
2304,1,1,0.505
2305,2,0,0.5
2306,2,0,0.5
2307,1,1,0.5
2308,2,0,0.5
2309,1,1,0.505
2310,1,1,0.505
2311,2,0,0.5
2312,1,1,0.505
2313,1,1,0.505
2314,2,0,0.5
2315,2,0,0.5
2316,1,1,0.505
2317,2,0,0.5
2318,1,1,0.505
2319,1,1,0.505
2320,2,0,0.5
2321,1,1,0.505
2322,2,0,0.5
2323,2,0,0.5
2324,1,1,0.505
2325,2,0,0.5
2326,2,0,0.5
2327,1,1,0.505
2328,1,1,0.505
2329,2,0,0.5
2330,1,1,0.505
2331,1,1,0.505
2332,2,0,0.5
2333,2,0,0.5
2334,1,1,0.5
2335,2,0,0.5
2336,1,1,0.505
2337,1,1,0.505
2338,2,0,0.5
2339,1,1,0.505
2340,1,1,0.505
2341,2,0,0.5
2342,2,0,0.5
2343,1,1,0.505
2344,2,0,0.5
2345,2,0,0.5
2346,1,1,0.505
2347,2,0,0.5
2348,1,1,0.505
2349,1,1,0.505
2350,2,0,0.5
2351,1,1,0.505
2352,2,0,0.5
2353,2,0,0.5
2354,1,1,0.505
2355,1,1,0.505
2356,2,0,0.5
2357,1,1,0.505
2358,1,1,0.505
2359,2,0,0.5
2360,2,0,0.5
2361,1,1,0.505
2362,2,0,0.5
2363,2,0,0.5
2364,1,1,0.5
2365,2,0,0.495
2366,1,1,0.5
2367,1,1,0.5
2368,2,0,0.495
2369,2,0,0.495
2370,1,1,0.5
2371,2,0,0.495
2372,2,0,0.495
2373,1,1,0.5
2374,1,1,0.5
2375,2,0,0.5
2376,1,1,0.5
2377,2,0,0.495
2378,2,0,0.495
2379,1,1,0.495
2380,2,0,0.495
2381,2,0,0.495
2382,1,1,0.495
2383,1,1,0.495
2384,2,0,0.495
2385,1,1,0.495
2386,1,1,0.495
2387,2,0,0.495
2388,2,0,0.49
2389,1,1,0.495
2390,2,0,0.495
2391,1,1,0.495
2392,1,1,0.5
2393,2,0,0.5
2394,1,1,0.5
2395,2,0,0.495
2396,2,0,0.495
2397,1,1,0.495
2398,1,1,0.5
2399,2,0,0.5
2400,1,1,0.5
2401,1,1,0.505
2402,2,0,0.5
2403,1,1,0.5
2404,2,0,0.5
2405,2,0,0.495
2406,1,1,0.495
2407,2,0,0.495
2408,2,0,0.495
2409,1,1,0.495
2410,1,1,0.5
2411,2,0,0.5
2412,1,1,0.5
2413,1,1,0.5
2414,2,0,0.5
2415,2,0,0.495
2416,1,1,0.5
2417,2,0,0.5
2418,1,1,0.5
2419,1,1,0.505
2420,2,0,0.5
2421,1,1,0.5
2422,1,1,0.505
2423,2,0,0.505
2424,2,0,0.5
2425,1,1,0.505
2426,2,0,0.505
2427,2,0,0.5
2428,1,1,0.505
2429,2,0,0.5
2430,1,1,0.5
2431,1,1,0.505
2432,2,0,0.5
2433,2,0,0.495
2434,1,1,0.5
2435,2,0,0.5
2436,2,0,0.495
2437,1,1,0.5
2438,1,1,0.5
2439,2,0,0.495
2440,1,1,0.5
2441,2,0,0.495
2442,2,0,0.495
2443,1,1,0.5
2444,2,0,0.495
2445,1,1,0.5
2446,1,1,0.505
2447,2,0,0.5
2448,1,1,0.5
2449,1,1,0.505
2450,2,0,0.5
2451,2,0,0.495
2452,1,1,0.5
2453,2,0,0.495
2454,2,0,0.495
2455,1,1,0.5
2456,1,1,0.5
2457,2,0,0.495
2458,1,1,0.5
2459,2,0,0.495
2460,2,0,0.49
2461,1,1,0.495
2462,2,0,0.495
2463,2,0,0.49
2464,1,1,0.495
2465,1,1,0.495
2466,2,0,0.49
2467,1,1,0.495
2468,1,1,0.495
2469,2,0,0.495
2470,1,1,0.5
2471,2,0,0.495
2472,2,0,0.495
2473,1,1,0.5
2474,2,0,0.495
2475,1,1,0.495
2476,1,1,0.5
2477,2,0,0.495
2478,2,0,0.495
2479,1,1,0.5
2480,2,0,0.495
2481,2,0,0.495
2482,1,1,0.495
2483,1,1,0.495
2484,2,0,0.495
2485,1,1,0.5
2486,2,0,0.495
2487,2,0,0.495
2488,1,1,0.5
2489,2,0,0.495
2490,2,0,0.495
2491,1,1,0.495
2492,1,1,0.495
2493,2,0,0.495
2494,1,1,0.495
2495,1,1,0.5
2496,2,0,0.5
2497,1,1,0.5
2498,2,0,0.495
2499,2,0,0.495
2500,1,1,0.495
2501,1,1,0.495
2502,2,0,0.495
2503,1,1,0.5
2504,1,1,0.5
2505,2,0,0.5
2506,2,0,0.5
2507,1,1,0.5
2508,2,0,0.5
2509,2,0,0.495
2510,1,1,0.495
2511,2,0,0.495
2512,1,1,0.495
2513,1,1,0.495
2514,2,0,0.495
2515,1,1,0.5
2516,2,0,0.495
2517,2,0,0.495
2518,1,1,0.495
2519,1,1,0.495
2520,2,0,0.495
2521,1,1,0.495
2522,1,1,0.5
2523,2,0,0.5
2524,1,1,0.5
2525,2,0,0.5
2526,2,0,0.5
2527,1,1,0.5
2528,2,0,0.495
2529,2,0,0.495
2530,1,1,0.495
2531,1,1,0.495
2532,2,0,0.495
2533,1,1,0.5
2534,1,1,0.5
2535,2,0,0.5
2536,2,0,0.495
2537,1,1,0.495
2538,2,0,0.495
2539,1,1,0.495
2540,1,1,0.495
2541,2,0,0.495
2542,1,1,0.5
2543,2,0,0.495
2544,2,0,0.495
2545,1,1,0.5
2546,1,1,0.5
2547,2,0,0.5
2548,1,1,0.5
2549,1,1,0.5
2550,2,0,0.5
2551,1,1,0.5
2552,2,0,0.5
2553,2,0,0.5
2554,1,1,0.5
2555,2,0,0.495
2556,1,1,0.5
2557,1,1,0.5
2558,2,0,0.495
2559,2,0,0.495
2560,1,1,0.5
2561,2,0,0.495
2562,2,0,0.495
2563,1,1,0.5
2564,1,1,0.5
2565,2,0,0.5
2566,1,1,0.5
2567,1,1,0.5
2568,2,0,0.5
2569,1,1,0.505
2570,2,0,0.5
2571,2,0,0.5
2572,1,1,0.505
2573,2,0,0.5
2574,2,0,0.495
2575,1,1,0.5
2576,1,1,0.5
2577,2,0,0.5
2578,1,1,0.505
2579,2,0,0.5
2580,2,0,0.5
2581,1,1,0.505
2582,2,0,0.5
2583,1,1,0.5
2584,1,1,0.505
2585,2,0,0.5
2586,2,0,0.495
2587,1,1,0.5
2588,2,0,0.5
2589,2,0,0.495
2590,1,1,0.5
2591,1,1,0.5
2592,2,0,0.495
2593,1,1,0.5
2594,1,1,0.5
2595,2,0,0.5
2596,1,1,0.505
2597,2,0,0.5
2598,2,0,0.495
2599,1,1,0.5
2600,1,1,0.5
2601,2,0,0.495
2602,1,1,0.5
2603,1,1,0.5
2604,2,0,0.5
2605,2,0,0.5
2606,1,1,0.5
2607,2,0,0.5
2608,1,1,0.505
2609,1,1,0.505
2610,2,0,0.5
2611,1,1,0.505
2612,1,1,0.505
2613,2,0,0.5
2614,2,0,0.5
2615,1,1,0.505
2616,2,0,0.5
2617,2,0,0.5
2618,1,1,0.5
2619,1,1,0.5
2620,2,0,0.5
2621,1,1,0.5
2622,2,0,0.495
2623,2,0,0.495
2624,1,1,0.5
2625,2,0,0.495
2626,1,1,0.5
2627,1,1,0.505
2628,2,0,0.5
2629,1,1,0.505
2630,1,1,0.505
2631,2,0,0.5
2632,2,0,0.5
2633,1,1,0.505
2634,2,0,0.5
2635,2,0,0.5
2636,1,1,0.505
2637,2,0,0.5
2638,1,1,0.5
2639,1,1,0.505
2640,2,0,0.5
2641,2,0,0.5
2642,1,1,0.505
2643,2,0,0.5
2644,2,0,0.5
2645,1,1,0.5
2646,1,1,0.5
2647,2,0,0.5
2648,1,1,0.5
2649,1,1,0.5
2650,2,0,0.5
2651,1,1,0.505
2652,2,0,0.5
2653,2,0,0.5
2654,1,1,0.505
2655,2,0,0.5
2656,1,1,0.5
2657,1,1,0.505
2658,2,0,0.5
2659,2,0,0.5
2660,1,1,0.505
2661,2,0,0.5
2662,2,0,0.5
2663,1,1,0.505
2664,2,0,0.5
2665,1,1,0.5
2666,1,1,0.505
2667,2,0,0.5
2668,1,1,0.5
2669,1,1,0.505
2670,2,0,0.5
2671,2,0,0.5
2672,1,1,0.505
2673,2,0,0.5
2674,2,0,0.5
2675,1,1,0.5
2676,1,1,0.5
2677,2,0,0.5
2678,1,1,0.505
2679,2,0,0.5
2680,2,0,0.5
2681,1,1,0.505
2682,2,0,0.5
2683,1,1,0.5
2684,1,1,0.505
2685,2,0,0.5
2686,1,1,0.505
2687,1,1,0.51
2688,2,0,0.505
2689,2,0,0.505
2690,1,1,0.51
2691,2,0,0.505
2692,1,1,0.505
2693,1,1,0.51
2694,2,0,0.505
2695,1,1,0.505
2696,2,0,0.505
2697,2,0,0.5
2698,1,1,0.505
2699,1,1,0.51
2700,2,0,0.505
2701,1,1,0.505
2702,1,1,0.51
2703,2,0,0.505
2704,1,1,0.505
2705,2,0,0.505
2706,2,0,0.505
2707,1,1,0.505
2708,2,0,0.505
2709,2,0,0.505
2710,1,1,0.505
2711,1,1,0.51
2712,2,0,0.505
2713,1,1,0.505
2714,1,1,0.51
2715,2,0,0.505
2716,2,0,0.505
2717,1,1,0.51
2718,2,0,0.505
2719,1,1,0.505
2720,1,1,0.51
2721,2,0,0.505
2722,1,1,0.505
2723,2,0,0.505
2724,2,0,0.5
2725,1,1,0.505
2726,1,1,0.51
2727,2,0,0.505
2728,1,1,0.51
2729,1,1,0.515
2730,2,0,0.51
2731,1,1,0.51
2732,2,0,0.51
2733,2,0,0.505
2734,1,1,0.505
2735,2,0,0.505
2736,1,1,0.51
2737,1,1,0.51
2738,2,0,0.51
2739,2,0,0.505
2740,1,1,0.505
2741,2,0,0.505
2742,2,0,0.5
2743,1,1,0.505
2744,1,1,0.51
2745,2,0,0.505
2746,1,1,0.505
2747,1,1,0.51
2748,2,0,0.505
2749,1,1,0.505
2750,2,0,0.505
2751,2,0,0.5
2752,1,1,0.505
2753,1,1,0.51
2754,2,0,0.505
2755,1,1,0.51
2756,1,1,0.51
2757,2,0,0.505
2758,2,0,0.505
2759,1,1,0.51
2760,2,0,0.505
2761,1,1,0.51
2762,1,1,0.515
2763,2,0,0.51
2764,1,1,0.51
2765,2,0,0.51
2766,2,0,0.505
2767,1,1,0.505
2768,2,0,0.505
2769,2,0,0.5
2770,1,1,0.505
2771,1,1,0.51
2772,2,0,0.505
2773,1,1,0.51
2774,1,1,0.515
2775,2,0,0.51
2776,2,0,0.505
2777,1,1,0.51
2778,2,0,0.505
2779,1,1,0.51
2780,1,1,0.515
2781,2,0,0.51
2782,1,1,0.515
2783,1,1,0.515
2784,2,0,0.51
2785,2,0,0.51
2786,1,1,0.515
2787,2,0,0.51
2788,2,0,0.51
2789,1,1,0.515
2790,2,0,0.51
2791,1,1,0.51
2792,1,1,0.515
2793,2,0,0.51
2794,2,0,0.505
2795,1,1,0.51
2796,2,0,0.505
2797,2,0,0.505
2798,1,1,0.51
2799,1,1,0.51
2800,2,0,0.505
2801,1,1,0.51
2802,1,1,0.51
2803,2,0,0.505
2804,1,1,0.51
2805,2,0,0.51
2806,2,0,0.505
2807,1,1,0.51
2808,2,0,0.505
2809,2,0,0.5
2810,1,1,0.505
2811,1,1,0.505
2812,2,0,0.5
2813,1,1,0.505
2814,2,0,0.505
2815,2,0,0.5
2816,1,1,0.505
2817,2,0,0.505
2818,1,1,0.505
2819,1,1,0.505
2820,2,0,0.505
2821,2,0,0.5
2822,1,1,0.505
2823,2,0,0.505
2824,2,0,0.5
2825,1,1,0.505
2826,1,1,0.505
2827,2,0,0.5
2828,1,1,0.505
2829,1,1,0.505
2830,2,0,0.5
2831,1,1,0.505
2832,2,0,0.505
2833,2,0,0.5
2834,1,1,0.505
2835,2,0,0.505
2836,1,1,0.505
2837,1,1,0.51
2838,2,0,0.505
2839,2,0,0.5
2840,1,1,0.505
2841,2,0,0.505
2842,2,0,0.5
2843,1,1,0.505
2844,2,0,0.505
2845,1,1,0.505
2846,1,1,0.505
2847,2,0,0.505
2848,1,1,0.505
2849,1,1,0.505
2850,2,0,0.505
2851,2,0,0.5
2852,1,1,0.505
2853,2,0,0.505
2854,2,0,0.5
2855,1,1,0.505
2856,1,1,0.505
2857,2,0,0.5
2858,1,1,0.505
2859,2,0,0.505
2860,2,0,0.5
2861,1,1,0.505
2862,2,0,0.505
2863,1,1,0.505
2864,1,1,0.51
2865,2,0,0.505
2866,2,0,0.5
2867,1,1,0.505
2868,2,0,0.5
2869,2,0,0.495
2870,1,1,0.5
2871,2,0,0.5
2872,1,1,0.5
2873,1,1,0.505
2874,2,0,0.505
2875,1,1,0.505
2876,2,0,0.5
2877,2,0,0.5
2878,1,1,0.5
2879,1,1,0.505
2880,2,0,0.505
2881,1,1,0.505
2882,1,1,0.51
2883,2,0,0.505
2884,2,0,0.5
2885,1,1,0.505
2886,2,0,0.5
2887,2,0,0.495
2888,1,1,0.5
2889,2,0,0.5
2890,1,1,0.5
2891,1,1,0.505
2892,2,0,0.5
2893,2,0,0.495
2894,1,1,0.5
2895,2,0,0.495
2896,2,0,0.495
2897,1,1,0.5
2898,1,1,0.5
2899,2,0,0.495
2900,1,1,0.5
2901,2,0,0.495
2902,2,0,0.49
2903,1,1,0.495
2904,2,0,0.49
2905,2,0,0.49
2906,1,1,0.495
2907,1,1,0.495
2908,2,0,0.495
2909,1,1,0.5
2910,1,1,0.5
2911,2,0,0.495
2912,1,1,0.5
2913,2,0,0.495
2914,2,0,0.49
2915,1,1,0.495
2916,2,0,0.495
2917,1,1,0.495
2918,1,1,0.5
2919,2,0,0.495
2920,2,0,0.49
2921,1,1,0.495
2922,2,0,0.49
2923,2,0,0.49
2924,1,1,0.495
2925,1,1,0.495
2926,2,0,0.49
2927,1,1,0.495
2928,2,0,0.49
2929,2,0,0.485
2930,1,1,0.49
2931,2,0,0.485
2932,2,0,0.485
2933,1,1,0.49
2934,1,1,0.49
2935,2,0,0.49
2936,1,1,0.49
2937,1,1,0.49
2938,2,0,0.49
2939,2,0,0.49
2940,1,1,0.49
2941,2,0,0.49
2942,1,1,0.495
2943,1,1,0.495
2944,2,0,0.49
2945,1,1,0.495
2946,2,0,0.49
2947,2,0,0.485
2948,1,1,0.49
2949,2,0,0.485
2950,2,0,0.485
2951,1,1,0.49
2952,1,1,0.49
2953,2,0,0.485
2954,1,1,0.49
2955,1,1,0.49
2956,2,0,0.485
2957,1,1,0.49
2958,2,0,0.49
2959,2,0,0.485
2960,1,1,0.49
2961,1,1,0.49
2962,2,0,0.485
2963,1,1,0.49
2964,1,1,0.49
2965,2,0,0.49
2966,2,0,0.49
2967,1,1,0.49
2968,2,0,0.49
2969,1,1,0.495
2970,1,1,0.495
2971,2,0,0.49
2972,1,1,0.495
2973,1,1,0.495
2974,2,0,0.49
2975,2,0,0.49
2976,1,1,0.495
2977,2,0,0.49
2978,2,0,0.49
2979,1,1,0.49
2980,1,1,0.49
2981,2,0,0.49
2982,1,1,0.49
2983,2,0,0.485
2984,2,0,0.485
2985,1,1,0.49
2986,2,0,0.485
2987,1,1,0.49
2988,1,1,0.495
2989,2,0,0.49
2990,2,0,0.49
2991,1,1,0.49
2992,2,0,0.485
2993,2,0,0.485
2994,1,1,0.49
2995,2,0,0.485
2996,1,1,0.49
2997,1,1,0.495
2998,2,0,0.49
2999,1,1,0.49
3000,1,1,0.495
3001,2,0,0.49
3002,2,0,0.485
3003,1,1,0.49
3004,2,0,0.485
3005,2,0,0.485
3006,1,1,0.49
3007,1,1,0.49
3008,2,0,0.49
3009,1,1,0.495
3010,2,0,0.49
3011,2,0,0.485
3012,1,1,0.49
3013,2,0,0.485
3014,2,0,0.485
3015,1,1,0.49
3016,1,1,0.49
3017,2,0,0.49
3018,1,1,0.49
3019,1,1,0.49
3020,2,0,0.49
3021,1,1,0.495
3022,2,0,0.49
3023,2,0,0.49
3024,1,1,0.495
3025,1,1,0.495
3026,2,0,0.49
3027,1,1,0.495
3028,1,1,0.495
3029,2,0,0.49
3030,2,0,0.49
3031,1,1,0.49
3032,2,0,0.49
3033,2,0,0.49
3034,1,1,0.49
3035,2,0,0.49
3036,1,1,0.49
3037,1,1,0.49
3038,2,0,0.49
3039,1,1,0.495
3040,2,0,0.49
3041,2,0,0.49
3042,1,1,0.495
3043,1,1,0.495
3044,2,0,0.495
3045,1,1,0.495
3046,1,1,0.495
3047,2,0,0.495
3048,2,0,0.49
3049,1,1,0.49
3050,2,0,0.49
3051,1,1,0.495
3052,1,1,0.495
3053,2,0,0.495
3054,1,1,0.5
3055,1,1,0.5
3056,2,0,0.495
3057,2,0,0.495
3058,1,1,0.495
3059,2,0,0.495
3060,2,0,0.495
3061,1,1,0.495
3062,2,0,0.495
3063,1,1,0.495
3064,1,1,0.495
3065,2,0,0.495
3066,2,0,0.495
3067,1,1,0.495
3068,2,0,0.495
3069,2,0,0.495
3070,1,1,0.495
3071,1,1,0.5
3072,2,0,0.495
3073,1,1,0.495
3074,1,1,0.5
3075,2,0,0.495
3076,1,1,0.5
3077,2,0,0.5
3078,2,0,0.495
3079,1,1,0.495
3080,2,0,0.495
3081,2,0,0.49
3082,1,1,0.49
3083,1,1,0.495
3084,2,0,0.495
3085,1,1,0.495
3086,2,0,0.495
3087,2,0,0.495
3088,1,1,0.495
3089,2,0,0.495
3090,1,1,0.495
3091,1,1,0.495
3092,2,0,0.495
3093,2,0,0.495
3094,1,1,0.495
3095,2,0,0.495
3096,2,0,0.495
3097,1,1,0.495
3098,1,1,0.495
3099,2,0,0.495
3100,1,1,0.495
3101,1,1,0.5
3102,2,0,0.5
3103,1,1,0.5
3104,2,0,0.5
3105,2,0,0.5
3106,1,1,0.5
3107,2,0,0.495
3108,1,1,0.5
3109,1,1,0.5
3110,2,0,0.495
3111,2,0,0.495
3112,1,1,0.495
3113,2,0,0.495
3114,2,0,0.495
3115,1,1,0.495
3116,2,0,0.495
3117,1,1,0.495
3118,1,1,0.495
3119,2,0,0.495
3120,1,1,0.5
3121,1,1,0.5
3122,2,0,0.5
3123,2,0,0.5
3124,1,1,0.5
3125,2,0,0.495
3126,1,1,0.5
3127,1,1,0.5
3128,2,0,0.5
3129,1,1,0.505
3130,2,0,0.5
3131,2,0,0.5
3132,1,1,0.505
3133,2,0,0.5
3134,2,0,0.495
3135,1,1,0.5
3136,1,1,0.5
3137,2,0,0.495
3138,1,1,0.5
3139,1,1,0.505
3140,2,0,0.5
3141,1,1,0.505
3142,2,0,0.5
3143,2,0,0.495
3144,1,1,0.5
3145,1,1,0.5
3146,2,0,0.5
3147,1,1,0.505
3148,1,1,0.505
3149,2,0,0.505
3150,2,0,0.505
3151,1,1,0.505
3152,2,0,0.5
3153,1,1,0.505
3154,1,1,0.505
3155,2,0,0.5
3156,1,1,0.505
3157,2,0,0.5
3158,2,0,0.5
3159,1,1,0.505
3160,2,0,0.5
3161,2,0,0.495
3162,1,1,0.5
3163,1,1,0.5
3164,2,0,0.495
3165,1,1,0.5
3166,2,0,0.5
3167,2,0,0.495
3168,1,1,0.5
3169,2,0,0.495
3170,1,1,0.495
3171,1,1,0.5
3172,2,0,0.495
3173,2,0,0.49
3174,1,1,0.495
3175,2,0,0.495
3176,2,0,0.49
3177,1,1,0.495
3178,2,0,0.495
3179,1,1,0.495
3180,1,1,0.495
3181,2,0,0.495
3182,1,1,0.495
3183,1,1,0.5
3184,2,0,0.5
3185,2,0,0.495
3186,1,1,0.5
3187,2,0,0.495
3188,2,0,0.49
3189,1,1,0.495
3190,1,1,0.5
3191,2,0,0.495
3192,1,1,0.5
3193,2,0,0.5
3194,2,0,0.495
3195,1,1,0.5
3196,2,0,0.495
3197,1,1,0.495
3198,1,1,0.5
3199,2,0,0.495
3200,1,1,0.495
3201,1,1,0.5
3202,2,0,0.5
3203,2,0,0.495
3204,1,1,0.5
3205,2,0,0.5
3206,1,1,0.5
3207,1,1,0.5
3208,2,0,0.5
3209,1,1,0.5
3210,2,0,0.5
3211,2,0,0.5
3212,1,1,0.5
3213,1,1,0.505
3214,2,0,0.505
3215,1,1,0.505
3216,1,1,0.505
3217,2,0,0.505
3218,2,0,0.5
3219,1,1,0.5
3220,2,0,0.5
3221,2,0,0.495
3222,1,1,0.5
3223,2,0,0.5
3224,1,1,0.5
3225,1,1,0.5
3226,2,0,0.5
3227,1,1,0.5
3228,1,1,0.5
3229,2,0,0.5
3230,2,0,0.5
3231,1,1,0.5
3232,2,0,0.5
3233,1,1,0.505
3234,1,1,0.505
3235,2,0,0.505
3236,1,1,0.505
3237,2,0,0.5
3238,2,0,0.5
3239,1,1,0.5
3240,1,1,0.505
3241,2,0,0.505
3242,1,1,0.505
3243,1,1,0.505
3244,2,0,0.505
3245,1,1,0.505
3246,2,0,0.5
3247,2,0,0.5
3248,1,1,0.505
3249,2,0,0.5
3250,1,1,0.505
3251,1,1,0.505
3252,2,0,0.5
3253,2,0,0.5
3254,1,1,0.5
3255,2,0,0.495
3256,2,0,0.495
3257,1,1,0.5
3258,1,1,0.5
3259,2,0,0.5
3260,1,1,0.505
3261,1,1,0.505
3262,2,0,0.505
3263,1,1,0.505
3264,2,0,0.5
3265,2,0,0.5
3266,1,1,0.505
3267,2,0,0.5
3268,2,0,0.5
3269,1,1,0.505
3270,1,1,0.505
3271,2,0,0.5
3272,1,1,0.505
3273,2,0,0.5
3274,2,0,0.495
3275,1,1,0.5
3276,2,0,0.495
3277,1,1,0.5
3278,1,1,0.505
3279,2,0,0.5
3280,1,1,0.505
3281,1,1,0.51
3282,2,0,0.505
3283,2,0,0.5
3284,1,1,0.505
3285,2,0,0.5
3286,2,0,0.5
3287,1,1,0.505
3288,1,1,0.505
3289,2,0,0.505
3290,1,1,0.505
3291,2,0,0.5
3292,2,0,0.5
3293,1,1,0.505
3294,2,0,0.5
3295,2,0,0.5
3296,1,1,0.505
3297,1,1,0.505
3298,2,0,0.5
3299,1,1,0.505
3300,1,1,0.505
3301,2,0,0.5
3302,1,1,0.505
3303,2,0,0.5
3304,2,0,0.5
3305,1,1,0.505
3306,2,0,0.5
3307,1,1,0.505
3308,1,1,0.505
3309,2,0,0.5
3310,2,0,0.5
3311,1,1,0.505
3312,2,0,0.5
3313,2,0,0.5
3314,1,1,0.505
3315,1,1,0.505
3316,2,0,0.505
3317,1,1,0.505
3318,2,0,0.5
3319,2,0,0.5
3320,1,1,0.5
3321,2,0,0.495
3322,2,0,0.495
3323,1,1,0.5
3324,1,1,0.5
3325,2,0,0.5
3326,1,1,0.5
3327,1,1,0.5
3328,2,0,0.5
3329,1,1,0.5
3330,2,0,0.5
3331,2,0,0.5
3332,1,1,0.5
3333,1,1,0.505
3334,2,0,0.505
3335,1,1,0.505
3336,1,1,0.505
3337,2,0,0.505
3338,2,0,0.5
3339,1,1,0.5
3340,2,0,0.5
3341,2,0,0.495
3342,1,1,0.5
3343,2,0,0.5
3344,1,1,0.5
3345,1,1,0.5
3346,2,0,0.5
3347,1,1,0.5
3348,2,0,0.495
3349,2,0,0.495
3350,1,1,0.5
3351,1,1,0.5
3352,2,0,0.5
3353,1,1,0.5
3354,1,1,0.5
3355,2,0,0.5
3356,1,1,0.5
3357,2,0,0.5
3358,2,0,0.5
3359,1,1,0.5
3360,2,0,0.5
3361,2,0,0.5
3362,1,1,0.5
3363,1,1,0.5
3364,2,0,0.5
3365,1,1,0.5
3366,1,1,0.505
3367,2,0,0.505
3368,2,0,0.5
3369,1,1,0.505
3370,2,0,0.5
3371,1,1,0.5
3372,1,1,0.505
3373,2,0,0.505
3374,1,1,0.505
3375,2,0,0.505
3376,2,0,0.505
3377,1,1,0.505
3378,2,0,0.505
3379,2,0,0.5
3380,1,1,0.5
3381,1,1,0.505
3382,2,0,0.5
3383,1,1,0.5
3384,2,0,0.5
3385,2,0,0.5
3386,1,1,0.5
3387,2,0,0.5
3388,1,1,0.505
3389,1,1,0.505
3390,2,0,0.5
3391,2,0,0.5
3392,1,1,0.5
3393,2,0,0.5
3394,2,0,0.5
3395,1,1,0.5
3396,2,0,0.5
3397,1,1,0.5
3398,1,1,0.5
3399,2,0,0.5
3400,1,1,0.5
3401,1,1,0.5
3402,2,0,0.5
3403,2,0,0.5
3404,1,1,0.5
3405,2,0,0.5
3406,2,0,0.495
3407,1,1,0.495
3408,1,1,0.5
3409,2,0,0.495
3410,1,1,0.5
3411,2,0,0.5
3412,2,0,0.495
3413,1,1,0.495
3414,2,0,0.495
3415,2,0,0.49
3416,1,1,0.49
3417,1,1,0.495
3418,2,0,0.495
3419,1,1,0.495
3420,1,1,0.5
3421,2,0,0.5
3422,1,1,0.5
3423,2,0,0.5
3424,2,0,0.495
3425,1,1,0.495
3426,1,1,0.5
3427,2,0,0.495
3428,1,1,0.495
3429,1,1,0.5
3430,2,0,0.5
3431,2,0,0.495
3432,1,1,0.5
3433,2,0,0.495
3434,2,0,0.49
3435,1,1,0.495
3436,2,0,0.49
3437,1,1,0.495
3438,1,1,0.5
3439,2,0,0.495
3440,1,1,0.495
3441,1,1,0.5
3442,2,0,0.495
3443,2,0,0.49
3444,1,1,0.495
3445,2,0,0.49
3446,1,1,0.495
3447,1,1,0.5
3448,2,0,0.495
3449,1,1,0.5
3450,2,0,0.495
3451,2,0,0.49
3452,1,1,0.495
3453,1,1,0.5
3454,2,0,0.495
3455,1,1,0.5
3456,1,1,0.505
3457,2,0,0.5
3458,2,0,0.495
3459,1,1,0.5
3460,2,0,0.495
3461,2,0,0.49
3462,1,1,0.495
3463,2,0,0.49
3464,1,1,0.495
3465,1,1,0.5
3466,2,0,0.495
3467,1,1,0.5
3468,2,0,0.5
3469,2,0,0.495
3470,1,1,0.495
3471,1,1,0.5
3472,2,0,0.495
3473,1,1,0.5
3474,1,1,0.505
3475,2,0,0.5
3476,1,1,0.505
3477,2,0,0.5
3478,2,0,0.495
3479,1,1,0.5
3480,2,0,0.495
3481,2,0,0.49
3482,1,1,0.495
3483,1,1,0.5
3484,2,0,0.495
3485,1,1,0.5
3486,1,1,0.505
3487,2,0,0.5
3488,2,0,0.495
3489,1,1,0.5
3490,2,0,0.495
3491,1,1,0.5
3492,1,1,0.505
3493,2,0,0.5
3494,1,1,0.505
3495,2,0,0.505
3496,2,0,0.5
3497,1,1,0.5
3498,1,1,0.505
3499,2,0,0.5
3500,1,1,0.5
3501,1,1,0.505
3502,2,0,0.5
3503,1,1,0.505
3504,2,0,0.505
3505,2,0,0.5
3506,1,1,0.505
3507,2,0,0.5
3508,1,1,0.5
3509,1,1,0.505
3510,2,0,0.505
3511,2,0,0.5
3512,1,1,0.505
3513,2,0,0.505
3514,2,0,0.5
3515,1,1,0.5
3516,1,1,0.505
3517,2,0,0.5
3518,1,1,0.505
3519,1,1,0.51
3520,2,0,0.505
3521,1,1,0.51
3522,2,0,0.51
3523,2,0,0.505
3524,1,1,0.505
3525,2,0,0.505
3526,2,0,0.5
3527,1,1,0.5
3528,1,1,0.505
3529,2,0,0.5
3530,1,1,0.505
3531,2,0,0.505
3532,2,0,0.5
3533,1,1,0.5
3534,2,0,0.5
3535,1,1,0.5
3536,1,1,0.5
3537,2,0,0.5
3538,2,0,0.5
3539,1,1,0.5
3540,2,0,0.5
3541,2,0,0.5
3542,1,1,0.5
3543,1,1,0.505
3544,2,0,0.5
3545,1,1,0.5
3546,1,1,0.505
3547,2,0,0.5
3548,1,1,0.505
3549,2,0,0.505
3550,2,0,0.5
3551,1,1,0.5
3552,1,1,0.505
3553,2,0,0.5
3554,1,1,0.5
3555,1,1,0.505
3556,2,0,0.5
3557,2,0,0.5
3558,1,1,0.505
3559,2,0,0.5
3560,1,1,0.505
3561,1,1,0.51
3562,2,0,0.505
3563,1,1,0.505
3564,1,1,0.51
3565,2,0,0.505
3566,2,0,0.5
3567,1,1,0.505
3568,2,0,0.505
3569,2,0,0.5
3570,1,1,0.505
3571,1,1,0.505
3572,2,0,0.5
3573,1,1,0.505
3574,2,0,0.5
3575,2,0,0.5
3576,1,1,0.505
3577,2,0,0.5
3578,1,1,0.505
3579,1,1,0.51
3580,2,0,0.505
3581,2,0,0.5
3582,1,1,0.505
3583,2,0,0.5
3584,2,0,0.5
3585,1,1,0.505
3586,2,0,0.5
3587,1,1,0.505
3588,1,1,0.505
3589,2,0,0.5
3590,1,1,0.505
3591,1,1,0.51
3592,2,0,0.505
3593,2,0,0.505
3594,1,1,0.51
3595,2,0,0.505
3596,1,1,0.51
3597,1,1,0.51
3598,2,0,0.505
3599,1,1,0.51
3600,2,0,0.505
3601,2,0,0.5
3602,1,1,0.505
3603,2,0,0.505
3604,2,0,0.5
3605,1,1,0.505
3606,1,1,0.51
3607,2,0,0.505
3608,1,1,0.505
3609,1,1,0.51
3610,2,0,0.505
3611,2,0,0.505
3612,1,1,0.51
3613,2,0,0.505
3614,1,1,0.51
3615,1,1,0.515
3616,2,0,0.51
3617,1,1,0.51
3618,2,0,0.51
3619,2,0,0.505
3620,1,1,0.505
3621,1,1,0.51
3622,2,0,0.505
3623,1,1,0.51
3624,1,1,0.515
3625,2,0,0.51
3626,1,1,0.51
3627,2,0,0.51
3628,2,0,0.505
3629,1,1,0.505
3630,2,0,0.505
3631,1,1,0.51
3632,1,1,0.51
3633,2,0,0.51
3634,2,0,0.51
3635,1,1,0.51
3636,2,0,0.51
3637,2,0,0.505
3638,1,1,0.505
3639,1,1,0.51
3640,2,0,0.505
3641,1,1,0.505
3642,1,1,0.51
3643,2,0,0.51
3644,1,1,0.51
3645,2,0,0.51
3646,2,0,0.505
3647,1,1,0.505
3648,1,1,0.51
3649,2,0,0.505
3650,1,1,0.51
3651,1,1,0.515
3652,2,0,0.51
3653,2,0,0.505
3654,1,1,0.51
3655,2,0,0.505
3656,1,1,0.505
3657,1,1,0.51
3658,2,0,0.51
3659,1,1,0.51
3660,1,1,0.515
3661,2,0,0.515
3662,2,0,0.51
3663,1,1,0.515
3664,2,0,0.51
3665,2,0,0.505
3666,1,1,0.51
3667,2,0,0.505
3668,1,1,0.51
3669,1,1,0.515
3670,2,0,0.51
3671,1,1,0.51
3672,2,0,0.51
3673,2,0,0.505
3674,1,1,0.505
3675,1,1,0.51
3676,2,0,0.505
3677,1,1,0.51
3678,1,1,0.515
3679,2,0,0.51
3680,2,0,0.51
3681,1,1,0.515
3682,2,0,0.51
3683,1,1,0.51
3684,1,1,0.515
3685,2,0,0.51
3686,1,1,0.51
3687,1,1,0.515
3688,2,0,0.515
3689,2,0,0.51
3690,1,1,0.515
3691,2,0,0.51
3692,2,0,0.505
3693,1,1,0.51
3694,1,1,0.51
3695,2,0,0.51
3696,1,1,0.515
3697,2,0,0.51
3698,2,0,0.505
3699,1,1,0.51
3700,2,0,0.505
3701,1,1,0.505
3702,1,1,0.51
3703,2,0,0.505
3704,1,1,0.51
3705,1,1,0.515
3706,2,0,0.51
3707,2,0,0.51
3708,1,1,0.51
3709,2,0,0.505
3710,2,0,0.505
3711,1,1,0.51
3712,2,0,0.505
3713,1,1,0.51
3714,1,1,0.515
3715,2,0,0.51
3716,2,0,0.505
3717,1,1,0.51
3718,2,0,0.505
3719,2,0,0.5
3720,1,1,0.505
3721,1,1,0.505
3722,2,0,0.505
3723,1,1,0.51
3724,2,0,0.505
3725,2,0,0.505
3726,1,1,0.51
3727,2,0,0.505
3728,2,0,0.5
3729,1,1,0.505
3730,1,1,0.505
3731,2,0,0.505
3732,1,1,0.51
3733,1,1,0.51
3734,2,0,0.51
3735,2,0,0.505
3736,1,1,0.505
3737,2,0,0.505
3738,1,1,0.51
3739,1,1,0.51
3740,2,0,0.51
3741,1,1,0.515
3742,2,0,0.51
3743,2,0,0.505
3744,1,1,0.51
3745,2,0,0.505
3746,2,0,0.5
3747,1,1,0.505
3748,1,1,0.505
3749,2,0,0.505
3750,1,1,0.51
3751,2,0,0.505
3752,2,0,0.5
3753,1,1,0.505
3754,2,0,0.5
3755,1,1,0.5
3756,1,1,0.505
3757,2,0,0.505
3758,2,0,0.5
3759,1,1,0.505
3760,2,0,0.5
3761,2,0,0.495
3762,1,1,0.5
3763,1,1,0.5
3764,2,0,0.495
3765,1,1,0.5
3766,1,1,0.505
3767,2,0,0.5
3768,1,1,0.505
3769,2,0,0.505
3770,2,0,0.5
3771,1,1,0.5
3772,2,0,0.5
3773,2,0,0.495
3774,1,1,0.5
3775,1,1,0.505
3776,2,0,0.5
3777,1,1,0.505
3778,2,0,0.5
3779,2,0,0.495
3780,1,1,0.5
3781,2,0,0.5
3782,1,1,0.5
3783,1,1,0.505
3784,2,0,0.505
3785,1,1,0.505
3786,1,1,0.51
3787,2,0,0.505
3788,2,0,0.5
3789,1,1,0.505
3790,2,0,0.5
3791,2,0,0.495
3792,1,1,0.5
3793,1,1,0.505
3794,2,0,0.5
3795,1,1,0.505
3796,2,0,0.5
3797,2,0,0.495
3798,1,1,0.5
3799,2,0,0.495
3800,1,1,0.5
3801,1,1,0.505
3802,2,0,0.5
3803,2,0,0.5
3804,1,1,0.505
3805,2,0,0.5
3806,2,0,0.495
3807,1,1,0.5
3808,2,0,0.495
3809,1,1,0.495
3810,1,1,0.5
3811,2,0,0.5
3812,1,1,0.5
3813,1,1,0.505
3814,2,0,0.5
3815,2,0,0.495
3816,1,1,0.5
3817,2,0,0.495
3818,1,1,0.5
3819,1,1,0.505
3820,2,0,0.5
3821,1,1,0.5
3822,2,0,0.5
3823,2,0,0.495
3824,1,1,0.495
3825,2,0,0.495
3826,2,0,0.49
3827,1,1,0.495
3828,1,1,0.5
3829,2,0,0.495
3830,1,1,0.5
3831,1,1,0.5
3832,2,0,0.495
3833,1,1,0.5
3834,2,0,0.5
3835,2,0,0.495
3836,1,1,0.5
3837,1,1,0.505
3838,2,0,0.5
3839,1,1,0.5
3840,1,1,0.505
3841,2,0,0.5
3842,2,0,0.495
3843,1,1,0.5
3844,2,0,0.495
3845,1,1,0.5
3846,1,1,0.505
3847,2,0,0.5
3848,1,1,0.5
3849,2,0,0.5
3850,2,0,0.495
3851,1,1,0.495
3852,2,0,0.495
3853,2,0,0.495
3854,1,1,0.495
3855,1,1,0.5
3856,2,0,0.495
3857,1,1,0.495
3858,1,1,0.5
3859,2,0,0.495
3860,2,0,0.49
3861,1,1,0.495
3862,2,0,0.495
3863,1,1,0.495
3864,1,1,0.5
3865,2,0,0.5
3866,1,1,0.5
3867,1,1,0.505
3868,2,0,0.5
3869,2,0,0.495
3870,1,1,0.5
3871,2,0,0.495
3872,2,0,0.495
3873,1,1,0.5
3874,2,0,0.495
3875,1,1,0.495
3876,1,1,0.5
3877,2,0,0.495
3878,2,0,0.49
3879,1,1,0.495
3880,2,0,0.495
3881,2,0,0.49
3882,1,1,0.495
3883,1,1,0.495
3884,2,0,0.49
3885,1,1,0.495
3886,2,0,0.49
3887,2,0,0.485
3888,1,1,0.49
3889,2,0,0.49
3890,1,1,0.49
3891,1,1,0.495
3892,2,0,0.495
3893,1,1,0.495
3894,1,1,0.495
3895,2,0,0.495
3896,2,0,0.49
3897,1,1,0.495
3898,2,0,0.495
3899,1,1,0.495
3900,1,1,0.5
3901,2,0,0.495
3902,1,1,0.495
3903,2,0,0.495
3904,2,0,0.49
3905,1,1,0.49
3906,1,1,0.495
3907,2,0,0.495
3908,1,1,0.495
3909,1,1,0.5
3910,2,0,0.5
3911,1,1,0.5
3912,2,0,0.5
3913,2,0,0.495
3914,1,1,0.495
3915,2,0,0.495
3916,1,1,0.5
3917,1,1,0.5
3918,2,0,0.5
3919,2,0,0.5
3920,1,1,0.5
3921,2,0,0.495
3922,2,0,0.495
3923,1,1,0.495
3924,1,1,0.5
3925,2,0,0.5
3926,1,1,0.5
3927,2,0,0.5
3928,2,0,0.5
3929,1,1,0.5
3930,2,0,0.495
3931,2,0,0.495
3932,1,1,0.495
3933,1,1,0.495
3934,2,0,0.495
3935,1,1,0.5
3936,1,1,0.5
3937,2,0,0.5
3938,1,1,0.5
3939,2,0,0.495
3940,2,0,0.495
3941,1,1,0.495
3942,2,0,0.495
3943,1,1,0.5
3944,1,1,0.5
3945,2,0,0.5
3946,2,0,0.5
3947,1,1,0.5
3948,2,0,0.495
3949,2,0,0.495
3950,1,1,0.495
3951,1,1,0.5
3952,2,0,0.5
3953,1,1,0.5
3954,1,1,0.505
3955,2,0,0.5
3956,1,1,0.5
3957,2,0,0.5
3958,2,0,0.5
3959,1,1,0.5
3960,1,1,0.505
3961,2,0,0.505
3962,1,1,0.505
3963,1,1,0.505
3964,2,0,0.505
3965,2,0,0.5
3966,1,1,0.5
3967,2,0,0.5
3968,1,1,0.5
3969,1,1,0.505
3970,2,0,0.505
3971,1,1,0.505
3972,2,0,0.505
3973,2,0,0.505
3974,1,1,0.505
3975,2,0,0.5
3976,2,0,0.5
3977,1,1,0.5
3978,1,1,0.505
3979,2,0,0.505
3980,1,1,0.505
3981,1,1,0.51
3982,2,0,0.505
3983,1,1,0.505
3984,2,0,0.505
3985,2,0,0.5
3986,1,1,0.5
3987,1,1,0.505
3988,2,0,0.505
3989,1,1,0.505
3990,1,1,0.51
3991,2,0,0.51
3992,2,0,0.505
3993,1,1,0.505
3994,2,0,0.505
3995,2,0,0.5
3996,1,1,0.505
3997,2,0,0.505
3998,1,1,0.505
3999,1,1,0.51
4000,2,0,0.505
4001,1,1,0.505
4002,2,0,0.505
4003,2,0,0.505
4004,1,1,0.505
4005,1,1,0.51
4006,2,0,0.51
4007,1,1,0.51
4008,1,1,0.515
4009,2,0,0.51
4010,2,0,0.505
4011,1,1,0.51
4012,2,0,0.505
4013,1,1,0.505
4014,1,1,0.51
4015,2,0,0.51
4016,1,1,0.51
4017,1,1,0.515
4018,2,0,0.51
4019,2,0,0.505
4020,1,1,0.51
4021,2,0,0.505
4022,2,0,0.505
4023,1,1,0.51
4024,2,0,0.505
4025,1,1,0.51
4026,1,1,0.515
4027,2,0,0.51
4028,1,1,0.51
4029,2,0,0.51
4030,2,0,0.505
4031,1,1,0.505
4032,1,1,0.51
4033,2,0,0.505
4034,1,1,0.51
4035,1,1,0.515
4036,2,0,0.51
4037,1,1,0.51
4038,2,0,0.51
4039,2,0,0.505
4040,1,1,0.505
4041,2,0,0.505
4042,2,0,0.505
4043,1,1,0.505
4044,1,1,0.51
4045,2,0,0.505
4046,1,1,0.505
4047,2,0,0.505
4048,2,0,0.5
4049,1,1,0.505
4050,2,0,0.505
4051,1,1,0.505
4052,1,1,0.51
4053,2,0,0.51
4054,1,1,0.51
4055,1,1,0.51
4056,2,0,0.51
4057,2,0,0.505
4058,1,1,0.505
4059,2,0,0.505
4060,2,0,0.505
4061,1,1,0.505
4062,1,1,0.51
4063,2,0,0.505
4064,1,1,0.505
4065,2,0,0.505
4066,2,0,0.5
4067,1,1,0.5
4068,2,0,0.5
4069,1,1,0.505
4070,1,1,0.505
4071,2,0,0.505
4072,2,0,0.505
4073,1,1,0.505
4074,2,0,0.505
4075,2,0,0.5
4076,1,1,0.5
4077,2,0,0.5
4078,1,1,0.505
4079,1,1,0.505
4080,2,0,0.505
4081,1,1,0.51
4082,1,1,0.51
4083,2,0,0.505
4084,2,0,0.505
4085,1,1,0.505
4086,2,0,0.505
4087,1,1,0.51
4088,1,1,0.51
4089,2,0,0.51
4090,1,1,0.51
4091,2,0,0.505
4092,2,0,0.505
4093,1,1,0.505
4094,2,0,0.5
4095,2,0,0.5
4096,1,1,0.505
4097,1,1,0.505
4098,2,0,0.505
4099,1,1,0.505
4100,1,1,0.505
4101,2,0,0.505
4102,1,1,0.505
4103,2,0,0.505
4104,2,0,0.505
4105,1,1,0.505
4106,1,1,0.505
4107,2,0,0.505
4108,1,1,0.505
4109,1,1,0.505
4110,2,0,0.505
4111,2,0,0.5
4112,1,1,0.505
4113,2,0,0.505
4114,1,1,0.505
4115,1,1,0.51
4116,2,0,0.505
4117,1,1,0.505
4118,2,0,0.505
4119,2,0,0.505
4120,1,1,0.505
4121,2,0,0.505
4122,2,0,0.505
4123,1,1,0.505
4124,1,1,0.505
4125,2,0,0.505
4126,1,1,0.505
4127,2,0,0.505
4128,2,0,0.505
4129,1,1,0.505
4130,2,0,0.505
4131,1,1,0.51
4132,1,1,0.51
4133,2,0,0.505
4134,2,0,0.505
4135,1,1,0.505
4136,2,0,0.5
4137,2,0,0.5
4138,1,1,0.5
4139,2,0,0.5
4140,1,1,0.505
4141,1,1,0.505
4142,2,0,0.505
4143,1,1,0.505
4144,1,1,0.505
4145,2,0,0.505
4146,2,0,0.505
4147,1,1,0.505
4148,2,0,0.505
4149,2,0,0.505
4150,1,1,0.505
4151,1,1,0.505
4152,2,0,0.505
4153,1,1,0.505
4154,2,0,0.5
4155,2,0,0.5
4156,1,1,0.5
4157,2,0,0.5
4158,1,1,0.505
4159,1,1,0.505
4160,2,0,0.5
4161,2,0,0.5
4162,1,1,0.5
4163,2,0,0.495
4164,2,0,0.495
4165,1,1,0.5
4166,2,0,0.495
4167,1,1,0.5
4168,1,1,0.5
4169,2,0,0.495
4170,1,1,0.5
4171,2,0,0.495
4172,2,0,0.495
4173,1,1,0.5
4174,1,1,0.5
4175,2,0,0.5
4176,1,1,0.505
4177,1,1,0.505
4178,2,0,0.5
4179,2,0,0.5
4180,1,1,0.5
4181,2,0,0.495
4182,2,0,0.495
4183,1,1,0.495
4184,2,0,0.495
4185,1,1,0.5
4186,1,1,0.5
4187,2,0,0.495
4188,2,0,0.495
4189,1,1,0.495
4190,2,0,0.49
4191,2,0,0.49
4192,1,1,0.495
4193,1,1,0.495
4194,2,0,0.495
4195,1,1,0.5
4196,2,0,0.495
4197,2,0,0.495
4198,1,1,0.495
4199,2,0,0.49
4200,1,1,0.495
4201,1,1,0.495
4202,2,0,0.495
4203,1,1,0.5
4204,1,1,0.5
4205,2,0,0.495
4206,2,0,0.495
4207,1,1,0.495
4208,2,0,0.49
4209,2,0,0.49
4210,1,1,0.495
4211,1,1,0.495
4212,2,0,0.495
4213,1,1,0.495
4214,2,0,0.49
4215,2,0,0.49
4216,1,1,0.49
4217,2,0,0.485
4218,2,0,0.485
4219,1,1,0.49
4220,1,1,0.49
4221,2,0,0.49
4222,1,1,0.495
4223,1,1,0.495
4224,2,0,0.495
4225,1,1,0.495
4226,2,0,0.49
4227,2,0,0.49
4228,1,1,0.49
4229,1,1,0.495
4230,2,0,0.495
4231,1,1,0.495
4232,1,1,0.495
4233,2,0,0.495
4234,2,0,0.49
4235,1,1,0.49
4236,2,0,0.49
4237,1,1,0.49
4238,1,1,0.495
4239,2,0,0.495
4240,1,1,0.495
4241,2,0,0.495
4242,2,0,0.495
4243,1,1,0.495
4244,2,0,0.49
4245,2,0,0.49
4246,1,1,0.49
4247,1,1,0.495
4248,2,0,0.495
4249,1,1,0.495
4250,1,1,0.5
4251,2,0,0.495
4252,1,1,0.495
4253,2,0,0.495
4254,2,0,0.49
4255,1,1,0.49
4256,1,1,0.495
4257,2,0,0.495
4258,1,1,0.495
4259,1,1,0.5
4260,2,0,0.5
4261,2,0,0.495
4262,1,1,0.495
4263,2,0,0.495
4264,2,0,0.49
4265,1,1,0.495
4266,2,0,0.495
4267,1,1,0.495
4268,1,1,0.5
4269,2,0,0.495
4270,1,1,0.495
4271,2,0,0.495
4272,2,0,0.495
4273,1,1,0.495
4274,1,1,0.5
4275,2,0,0.5
4276,1,1,0.5
4277,1,1,0.505
4278,2,0,0.5
4279,2,0,0.495
4280,1,1,0.5
4281,2,0,0.495
4282,1,1,0.495
4283,1,1,0.5
4284,2,0,0.5
4285,1,1,0.5
4286,1,1,0.505
4287,2,0,0.5
4288,2,0,0.495
4289,1,1,0.5
4290,2,0,0.495
4291,2,0,0.495
4292,1,1,0.5
4293,2,0,0.495
4294,1,1,0.5
4295,1,1,0.505
4296,2,0,0.5
4297,2,0,0.495
4298,1,1,0.5
4299,2,0,0.495
4300,2,0,0.49
4301,1,1,0.495
4302,1,1,0.495
4303,2,0,0.495
4304,1,1,0.5
4305,1,1,0.5
4306,2,0,0.495
4307,1,1,0.5
4308,2,0,0.495
4309,2,0,0.49
4310,1,1,0.495
4311,2,0,0.495
4312,2,0,0.49
4313,1,1,0.495
4314,1,1,0.495
4315,2,0,0.49
4316,1,1,0.495
4317,2,0,0.49
4318,2,0,0.49
4319,1,1,0.495
4320,2,0,0.49
4321,1,1,0.495
4322,1,1,0.5
4323,2,0,0.495
4324,2,0,0.49
4325,1,1,0.495
4326,2,0,0.49
4327,2,0,0.49
4328,1,1,0.495
4329,1,1,0.495
4330,2,0,0.495
4331,1,1,0.495
4332,1,1,0.495
4333,2,0,0.495
4334,1,1,0.5
4335,2,0,0.495
4336,2,0,0.495
4337,1,1,0.5
4338,1,1,0.5
4339,2,0,0.5
4340,1,1,0.5
4341,1,1,0.5
4342,2,0,0.5
4343,2,0,0.495
4344,1,1,0.495
4345,2,0,0.495
4346,1,1,0.5
4347,1,1,0.5
4348,2,0,0.5
4349,1,1,0.505
4350,1,1,0.505
4351,2,0,0.5
4352,2,0,0.5
4353,1,1,0.5
4354,2,0,0.5
4355,2,0,0.5
4356,1,1,0.5
4357,1,1,0.505
4358,2,0,0.5
4359,1,1,0.5
4360,2,0,0.5
4361,2,0,0.5
4362,1,1,0.5
4363,2,0,0.5
4364,1,1,0.505
4365,1,1,0.505
4366,2,0,0.505
4367,1,1,0.505
4368,1,1,0.505
4369,2,0,0.505
4370,2,0,0.5
4371,1,1,0.505
4372,2,0,0.505
4373,2,0,0.5
4374,1,1,0.5
4375,2,0,0.5
4376,1,1,0.5
4377,1,1,0.5
4378,2,0,0.5
4379,2,0,0.5
4380,1,1,0.5
4381,2,0,0.5
4382,2,0,0.5
4383,1,1,0.5
4384,1,1,0.505
4385,2,0,0.5
4386,1,1,0.5
4387,2,0,0.5
4388,2,0,0.5
4389,1,1,0.5
4390,2,0,0.5
4391,2,0,0.5
4392,1,1,0.5
4393,1,1,0.5
4394,2,0,0.5
4395,1,1,0.5
4396,1,1,0.505
4397,2,0,0.505
4398,2,0,0.5
4399,1,1,0.505
4400,2,0,0.5
4401,1,1,0.5
4402,1,1,0.505
4403,2,0,0.5
4404,1,1,0.5
4405,2,0,0.5
4406,2,0,0.5
4407,1,1,0.5
4408,1,1,0.505
4409,2,0,0.505
4410,1,1,0.505
4411,1,1,0.505
4412,2,0,0.505
4413,1,1,0.505
4414,2,0,0.505
4415,2,0,0.505
4416,1,1,0.505
4417,2,0,0.505
4418,2,0,0.505
4419,1,1,0.505
4420,1,1,0.505
4421,2,0,0.505
4422,1,1,0.505
4423,1,1,0.505
4424,2,0,0.505
4425,2,0,0.5
4426,1,1,0.505
4427,2,0,0.505
4428,1,1,0.505
4429,1,1,0.505
4430,2,0,0.505
4431,1,1,0.505
4432,2,0,0.5
4433,2,0,0.5
4434,1,1,0.505
4435,2,0,0.5
4436,2,0,0.5
4437,1,1,0.5
4438,1,1,0.5
4439,2,0,0.5
4440,1,1,0.5
4441,2,0,0.5
4442,2,0,0.5
4443,1,1,0.5
4444,2,0,0.5
4445,1,1,0.505
4446,1,1,0.505
4447,2,0,0.5
4448,2,0,0.5
4449,1,1,0.5
4450,2,0,0.495
4451,2,0,0.495
4452,1,1,0.495
4453,2,0,0.495
4454,1,1,0.5
4455,1,1,0.5
4456,2,0,0.495
4457,1,1,0.5
4458,2,0,0.495
4459,2,0,0.49
4460,1,1,0.495
4461,1,1,0.5
4462,2,0,0.495
4463,1,1,0.5
4464,1,1,0.505
4465,2,0,0.5
4466,2,0,0.5
4467,1,1,0.5
4468,2,0,0.495
4469,1,1,0.5
4470,1,1,0.5
4471,2,0,0.5
4472,1,1,0.505
4473,1,1,0.505
4474,2,0,0.5
4475,2,0,0.5
4476,1,1,0.5
4477,2,0,0.495
4478,2,0,0.495
4479,1,1,0.5
4480,2,0,0.495
4481,1,1,0.5
4482,1,1,0.5
4483,2,0,0.495
4484,2,0,0.495
4485,1,1,0.495
4486,2,0,0.49
4487,2,0,0.49
4488,1,1,0.495
4489,1,1,0.495
4490,2,0,0.495
4491,1,1,0.5
4492,1,1,0.5
4493,2,0,0.5
4494,1,1,0.5
4495,2,0,0.495
4496,2,0,0.495
4497,1,1,0.5
4498,2,0,0.495
4499,1,1,0.5
4500,1,1,0.505
4501,2,0,0.5
4502,2,0,0.495
4503,1,1,0.5
4504,2,0,0.495
4505,2,0,0.49
4506,1,1,0.495
4507,1,1,0.495
4508,2,0,0.495
4509,1,1,0.5
4510,2,0,0.495
4511,2,0,0.495
4512,1,1,0.5
4513,2,0,0.495
4514,2,0,0.49
4515,1,1,0.495
4516,1,1,0.495
4517,2,0,0.495
4518,1,1,0.5
4519,1,1,0.5
4520,2,0,0.5
4521,2,0,0.495
4522,1,1,0.495
4523,2,0,0.495
4524,1,1,0.5
4525,1,1,0.5
4526,2,0,0.5
4527,1,1,0.505
4528,2,0,0.5
4529,2,0,0.495
4530,1,1,0.5
4531,2,0,0.495
4532,2,0,0.49
4533,1,1,0.495
4534,1,1,0.495
4535,2,0,0.495
4536,1,1,0.5
4537,2,0,0.495
4538,2,0,0.49
4539,1,1,0.495
4540,2,0,0.49
4541,1,1,0.49
4542,1,1,0.495
4543,2,0,0.495
4544,2,0,0.49
4545,1,1,0.495
4546,2,0,0.49
4547,2,0,0.485
4548,1,1,0.49
4549,1,1,0.49
4550,2,0,0.485
4551,1,1,0.49
4552,1,1,0.495
4553,2,0,0.49
4554,1,1,0.495
4555,2,0,0.495
4556,2,0,0.49
4557,1,1,0.49
4558,2,0,0.49
4559,2,0,0.485
4560,1,1,0.49
4561,1,1,0.495
4562,2,0,0.49
4563,1,1,0.495
4564,2,0,0.49
4565,2,0,0.485
4566,1,1,0.49
4567,2,0,0.485
4568,1,1,0.485
4569,1,1,0.49
4570,2,0,0.49
4571,2,0,0.485
4572,1,1,0.49
4573,2,0,0.49
4574,2,0,0.485
4575,1,1,0.49
4576,2,0,0.485
4577,1,1,0.485
4578,1,1,0.49
4579,2,0,0.49
4580,1,1,0.49
4581,2,0,0.49
4582,2,0,0.49
4583,1,1,0.49
4584,1,1,0.49
4585,2,0,0.49
4586,1,1,0.49
4587,1,1,0.495
4588,2,0,0.495
4589,2,0,0.49
4590,1,1,0.495
4591,2,0,0.495
4592,2,0,0.49
4593,1,1,0.49
4594,2,0,0.49
4595,1,1,0.49
4596,1,1,0.49
4597,2,0,0.49
4598,2,0,0.49
4599,1,1,0.49
4600,2,0,0.49
4601,2,0,0.485
4602,1,1,0.485
4603,1,1,0.49
4604,2,0,0.485
4605,1,1,0.49
4606,2,0,0.49
4607,2,0,0.485
4608,1,1,0.485
4609,2,0,0.485
4610,1,1,0.485
4611,1,1,0.485
4612,2,0,0.485
4613,1,1,0.485
4614,1,1,0.49
4615,2,0,0.49
4616,2,0,0.485
4617,1,1,0.49
4618,2,0,0.49
4619,2,0,0.485
4620,1,1,0.485
4621,1,1,0.49
4622,2,0,0.485
4623,1,1,0.485
4624,2,0,0.485
4625,2,0,0.485
4626,1,1,0.485
4627,2,0,0.485
4628,2,0,0.48
4629,1,1,0.48
4630,1,1,0.485
4631,2,0,0.48
4632,1,1,0.485
4633,1,1,0.49
4634,2,0,0.485
4635,1,1,0.49
4636,2,0,0.49
4637,2,0,0.485
4638,1,1,0.485
4639,1,1,0.49
4640,2,0,0.485
4641,1,1,0.49
4642,1,1,0.495
4643,2,0,0.49
4644,2,0,0.49
4645,1,1,0.49
4646,2,0,0.485
4647,1,1,0.49
4648,1,1,0.495
4649,2,0,0.49
4650,1,1,0.495
4651,2,0,0.495
4652,2,0,0.49
4653,1,1,0.495
4654,2,0,0.49
4655,2,0,0.485
4656,1,1,0.49
4657,1,1,0.49
4658,2,0,0.49
4659,1,1,0.495
4660,1,1,0.495
4661,2,0,0.49
4662,1,1,0.495
4663,2,0,0.49
4664,2,0,0.485
4665,1,1,0.49
4666,1,1,0.495
4667,2,0,0.49
4668,1,1,0.495
4669,1,1,0.495
4670,2,0,0.49
4671,2,0,0.49
4672,1,1,0.49
4673,2,0,0.485
4674,2,0,0.485
4675,1,1,0.49
4676,2,0,0.485
4677,1,1,0.49
4678,1,1,0.495
4679,2,0,0.49
4680,1,1,0.495
4681,2,0,0.49
4682,2,0,0.485
4683,1,1,0.49
4684,1,1,0.495
4685,2,0,0.49
4686,1,1,0.495
4687,1,1,0.5
4688,2,0,0.495
4689,1,1,0.495
4690,2,0,0.495
4691,2,0,0.49
4692,1,1,0.49
4693,2,0,0.49
4694,2,0,0.485
4695,1,1,0.49
4696,1,1,0.495
4697,2,0,0.49
4698,1,1,0.495
4699,1,1,0.495
4700,2,0,0.49
4701,2,0,0.49
4702,1,1,0.495
4703,2,0,0.49
4704,1,1,0.495
4705,1,1,0.5
4706,2,0,0.495
4707,1,1,0.495
4708,2,0,0.495
4709,2,0,0.49
4710,1,1,0.495
4711,2,0,0.495
4712,2,0,0.49
4713,1,1,0.495
4714,1,1,0.5
4715,2,0,0.495
4716,1,1,0.495
4717,2,0,0.495
4718,2,0,0.49
4719,1,1,0.49
4720,2,0,0.49
4721,1,1,0.495
4722,1,1,0.495
4723,2,0,0.495
4724,2,0,0.49
4725,1,1,0.49
4726,2,0,0.49
4727,2,0,0.485
4728,1,1,0.49
4729,2,0,0.49
4730,1,1,0.49
4731,1,1,0.495
4732,2,0,0.495
4733,1,1,0.495
4734,1,1,0.495
4735,2,0,0.495
4736,2,0,0.49
4737,1,1,0.495
4738,2,0,0.495
4739,2,0,0.49
4740,1,1,0.495
4741,1,1,0.495
4742,2,0,0.49
4743,1,1,0.495
4744,2,0,0.495
4745,2,0,0.49
4746,1,1,0.495
4747,2,0,0.495
4748,2,0,0.49
4749,1,1,0.49
4750,1,1,0.495
4751,2,0,0.49
4752,1,1,0.49
4753,1,1,0.495
4754,2,0,0.49
4755,1,1,0.495
4756,2,0,0.495
4757,2,0,0.49
4758,1,1,0.495
4759,1,1,0.5
4760,2,0,0.495
4761,1,1,0.495
4762,1,1,0.5
4763,2,0,0.495
4764,2,0,0.495
4765,1,1,0.5
4766,2,0,0.495
4767,2,0,0.495
4768,1,1,0.495
4769,2,0,0.49
4770,1,1,0.495
4771,1,1,0.5
4772,2,0,0.495
4773,1,1,0.5
4774,2,0,0.5
4775,2,0,0.495
4776,1,1,0.5
4777,1,1,0.5
4778,2,0,0.495
4779,1,1,0.5
4780,1,1,0.5
4781,2,0,0.5
4782,2,0,0.5
4783,1,1,0.5
4784,2,0,0.495
4785,1,1,0.5
4786,1,1,0.5
4787,2,0,0.495
4788,1,1,0.5
4789,1,1,0.505
4790,2,0,0.5
4791,2,0,0.5
4792,1,1,0.505
4793,2,0,0.5
4794,2,0,0.5
4795,1,1,0.5
4796,2,0,0.495
4797,1,1,0.5
4798,1,1,0.505
4799,2,0,0.5
4800,1,1,0.505
4801,2,0,0.505
4802,2,0,0.5
4803,1,1,0.5
4804,1,1,0.505
4805,2,0,0.5
4806,1,1,0.505
4807,1,1,0.51
4808,2,0,0.505
4809,1,1,0.51
4810,2,0,0.505
4811,2,0,0.5
4812,1,1,0.505
4813,2,0,0.5
4814,2,0,0.495
4815,1,1,0.5
4816,1,1,0.505
4817,2,0,0.5
4818,1,1,0.505
4819,2,0,0.505
4820,2,0,0.5
4821,1,1,0.5
4822,2,0,0.5
4823,1,1,0.5
4824,1,1,0.505
4825,2,0,0.505
4826,2,0,0.5
4827,1,1,0.505
4828,2,0,0.505
4829,2,0,0.5
4830,1,1,0.5
4831,1,1,0.505
4832,2,0,0.5
4833,1,1,0.5
4834,1,1,0.505
4835,2,0,0.5
4836,1,1,0.505
4837,2,0,0.505
4838,2,0,0.5
4839,1,1,0.5
4840,2,0,0.5
4841,1,1,0.5
4842,1,1,0.5
4843,2,0,0.5
4844,2,0,0.5
4845,1,1,0.5
4846,2,0,0.5
4847,2,0,0.495
4848,1,1,0.495
4849,2,0,0.495
4850,1,1,0.495
4851,1,1,0.5
4852,2,0,0.5
4853,1,1,0.5
4854,1,1,0.505
4855,2,0,0.505
4856,2,0,0.5
4857,1,1,0.5
4858,2,0,0.5
4859,1,1,0.5
4860,1,1,0.5
4861,2,0,0.5
4862,1,1,0.5
4863,2,0,0.5
4864,2,0,0.5
4865,1,1,0.5
4866,2,0,0.495
4867,2,0,0.495
4868,1,1,0.495
4869,1,1,0.495
4870,2,0,0.495
4871,1,1,0.5
4872,1,1,0.5
4873,2,0,0.5
4874,1,1,0.505
4875,2,0,0.5
4876,2,0,0.5
4877,1,1,0.5
4878,1,1,0.5
4879,2,0,0.5
4880,1,1,0.5
4881,1,1,0.505
4882,2,0,0.505
4883,2,0,0.5
4884,1,1,0.5
4885,2,0,0.5
4886,1,1,0.5
4887,1,1,0.5
4888,2,0,0.5
4889,1,1,0.5
4890,2,0,0.5
4891,2,0,0.5
4892,1,1,0.5
4893,2,0,0.5
4894,2,0,0.5
4895,1,1,0.5
4896,1,1,0.5
4897,2,0,0.5
4898,1,1,0.5
4899,1,1,0.5
4900,2,0,0.5
4901,2,0,0.5
4902,1,1,0.5
4903,2,0,0.5
4904,1,1,0.5
4905,1,1,0.5
4906,2,0,0.5
4907,1,1,0.5
4908,1,1,0.505
4909,2,0,0.505
4910,2,0,0.5
4911,1,1,0.505
4912,2,0,0.505
4913,2,0,0.5
4914,1,1,0.5
4915,2,0,0.5
4916,1,1,0.5
4917,1,1,0.505
4918,2,0,0.505
4919,1,1,0.505
4920,2,0,0.505
4921,2,0,0.5
4922,1,1,0.5
4923,1,1,0.505
4924,2,0,0.505
4925,1,1,0.505
4926,1,1,0.51
4927,2,0,0.51
4928,2,0,0.505
4929,1,1,0.51
4930,2,0,0.505
4931,1,1,0.505
4932,1,1,0.51
4933,2,0,0.505
4934,1,1,0.505
4935,1,1,0.51
4936,2,0,0.51
4937,2,0,0.505
4938,1,1,0.51
4939,2,0,0.51
4940,2,0,0.505
4941,1,1,0.505
4942,1,1,0.51
4943,2,0,0.505
4944,1,1,0.51
4945,2,0,0.51
4946,2,0,0.505
4947,1,1,0.51
4948,2,0,0.51
4949,1,1,0.51
4950,1,1,0.51
4951,2,0,0.51
4952,1,1,0.51
4953,1,1,0.51
4954,2,0,0.51
4955,2,0,0.505
4956,1,1,0.51
4957,2,0,0.51
4958,2,0,0.505
4959,1,1,0.505
4960,2,0,0.505
4961,1,1,0.505
4962,1,1,0.505
4963,2,0,0.505
4964,2,0,0.505
4965,1,1,0.505
4966,2,0,0.505
4967,2,0,0.505
4968,1,1,0.505
4969,1,1,0.51
4970,2,0,0.505
4971,1,1,0.505
4972,2,0,0.505
4973,2,0,0.5
4974,1,1,0.505
4975,2,0,0.505
4976,2,0,0.5
4977,1,1,0.5
4978,1,1,0.505
4979,2,0,0.5
4980,1,1,0.5
4981,1,1,0.505
4982,2,0,0.505
4983,2,0,0.5
4984,1,1,0.505
4985,2,0,0.5
4986,1,1,0.5
4987,1,1,0.505
4988,2,0,0.5
4989,1,1,0.5
4990,2,0,0.5
4991,2,0,0.5
4992,1,1,0.5
4993,2,0,0.5
4994,2,0,0.5
4995,1,1,0.5
4996,1,1,0.505
4997,2,0,0.5
4998,1,1,0.5
4999,2,0,0.5
5000,2,0,0.495
5001,1,1,0.5
5002,2,0,0.5
5003,1,1,0.5
5004,1,1,0.5
5005,2,0,0.5
5006,2,0,0.495
5007,1,1,0.495
5008,2,0,0.495
5009,2,0,0.49
5010,1,1,0.495
5011,1,1,0.5
5012,2,0,0.495
5013,1,1,0.5
5014,1,1,0.505
5015,2,0,0.5
5016,1,1,0.5
5017,2,0,0.5
5018,2,0,0.495
5019,1,1,0.5
5020,2,0,0.5
5021,2,0,0.495
5022,1,1,0.5
5023,1,1,0.5
5024,2,0,0.495
5025,1,1,0.5
5026,2,0,0.5
5027,2,0,0.495
5028,1,1,0.5
5029,2,0,0.5
5030,1,1,0.5
5031,1,1,0.5
5032,2,0,0.5
5033,1,1,0.5
5034,1,1,0.5
5035,2,0,0.5
5036,2,0,0.495
5037,1,1,0.5
5038,2,0,0.5
5039,2,0,0.495
5040,1,1,0.5
5041,1,1,0.5
5042,2,0,0.495
5043,1,1,0.5
5044,2,0,0.5
5045,2,0,0.495
5046,1,1,0.5
5047,2,0,0.5
5048,1,1,0.5
5049,1,1,0.505
5050,2,0,0.5
5051,2,0,0.495
5052,1,1,0.5
5053,2,0,0.495
5054,2,0,0.49
5055,1,1,0.495
5056,2,0,0.495
5057,1,1,0.495
5058,1,1,0.5
5059,2,0,0.495
5060,1,1,0.495
5061,1,1,0.5
5062,2,0,0.495
5063,2,0,0.495
5064,1,1,0.5
5065,2,0,0.495
5066,2,0,0.495
5067,1,1,0.5
5068,1,1,0.5
5069,2,0,0.495
5070,1,1,0.5
5071,2,0,0.495
5072,2,0,0.49
5073,1,1,0.495
5074,2,0,0.49
5075,2,0,0.49
5076,1,1,0.495
5077,1,1,0.495
5078,2,0,0.49
5079,1,1,0.495
5080,1,1,0.495
5081,2,0,0.49
5082,1,1,0.495
5083,2,0,0.495
5084,2,0,0.49
5085,1,1,0.495
5086,1,1,0.495
5087,2,0,0.49
5088,1,1,0.495
5089,1,1,0.495
5090,2,0,0.495
5091,2,0,0.495
5092,1,1,0.495
5093,2,0,0.495
5094,2,0,0.495
5095,1,1,0.495
5096,2,0,0.49
5097,1,1,0.495
5098,1,1,0.495
5099,2,0,0.49
5100,1,1,0.495
5101,2,0,0.495
5102,2,0,0.49
5103,1,1,0.495
5104,1,1,0.495
5105,2,0,0.49
5106,1,1,0.495
5107,1,1,0.495
5108,2,0,0.49
5109,2,0,0.49
5110,1,1,0.495
5111,2,0,0.49
5112,1,1,0.495
5113,1,1,0.5
5114,2,0,0.495
5115,1,1,0.5
5116,1,1,0.5
5117,2,0,0.495
5118,2,0,0.495
5119,1,1,0.495
5120,2,0,0.495
5121,2,0,0.495
5122,1,1,0.495
5123,1,1,0.495
5124,2,0,0.495
5125,1,1,0.495
5126,2,0,0.49
5127,2,0,0.49
5128,1,1,0.495
5129,2,0,0.49
5130,1,1,0.495
5131,1,1,0.495
5132,2,0,0.49
5133,1,1,0.495
5134,1,1,0.495
5135,2,0,0.49
5136,2,0,0.49
5137,1,1,0.495
5138,2,0,0.49
5139,1,1,0.495
5140,1,1,0.5
5141,2,0,0.495
5142,1,1,0.495
5143,2,0,0.495
5144,2,0,0.49
5145,1,1,0.495
5146,1,1,0.5
5147,2,0,0.495
5148,1,1,0.5
5149,1,1,0.5
5150,2,0,0.495
5151,2,0,0.495
5152,1,1,0.495
5153,2,0,0.49
5154,2,0,0.49
5155,1,1,0.495
5156,2,0,0.49
5157,1,1,0.495
5158,1,1,0.5
5159,2,0,0.495
5160,1,1,0.5
5161,2,0,0.495
5162,2,0,0.49
5163,1,1,0.495
5164,1,1,0.5
5165,2,0,0.495
5166,1,1,0.5
5167,1,1,0.505
5168,2,0,0.5
5169,1,1,0.5
5170,2,0,0.5
5171,2,0,0.495
5172,1,1,0.5
5173,2,0,0.5
5174,2,0,0.495
5175,1,1,0.5
5176,1,1,0.505
5177,2,0,0.5
5178,1,1,0.5
5179,2,0,0.5
5180,2,0,0.495
5181,1,1,0.495
5182,2,0,0.495
5183,1,1,0.5
5184,1,1,0.5
5185,2,0,0.5
5186,2,0,0.495
5187,1,1,0.495
5188,2,0,0.495
5189,2,0,0.49
5190,1,1,0.495
5191,1,1,0.5
5192,2,0,0.495
5193,1,1,0.5
5194,1,1,0.505
5195,2,0,0.5
5196,1,1,0.5
5197,2,0,0.5
5198,2,0,0.495
5199,1,1,0.5
5200,2,0,0.5
5201,2,0,0.495
5202,1,1,0.5
5203,1,1,0.5
5204,2,0,0.495
5205,1,1,0.5
5206,2,0,0.5
5207,2,0,0.495
5208,1,1,0.5
5209,2,0,0.5
5210,1,1,0.5
5211,1,1,0.5
5212,2,0,0.5
5213,1,1,0.5
5214,1,1,0.5
5215,2,0,0.5
5216,2,0,0.495
5217,1,1,0.5
5218,2,0,0.5
5219,2,0,0.495
5220,1,1,0.5
5221,1,1,0.505
5222,2,0,0.5
5223,1,1,0.5
5224,2,0,0.5
5225,2,0,0.495
5226,1,1,0.5
5227,2,0,0.5
5228,1,1,0.5
5229,1,1,0.505
5230,2,0,0.5
5231,2,0,0.495
5232,1,1,0.5
5233,2,0,0.495
5234,2,0,0.49
5235,1,1,0.495
5236,2,0,0.495
5237,1,1,0.495
5238,1,1,0.5
5239,2,0,0.5
5240,1,1,0.5
5241,1,1,0.5
5242,2,0,0.5
5243,2,0,0.495
5244,1,1,0.5
5245,2,0,0.5
5246,1,1,0.5
5247,1,1,0.505
5248,2,0,0.5
5249,1,1,0.5
5250,2,0,0.5
5251,2,0,0.5
5252,1,1,0.5
5253,2,0,0.5
5254,2,0,0.5
5255,1,1,0.5
5256,1,1,0.505
5257,2,0,0.5
5258,1,1,0.5
5259,1,1,0.505
5260,2,0,0.5
5261,1,1,0.5
5262,2,0,0.5
5263,2,0,0.5
5264,1,1,0.5
5265,1,1,0.505
5266,2,0,0.505
5267,1,1,0.505
5268,1,1,0.505
5269,2,0,0.505
5270,2,0,0.5
5271,1,1,0.505
5272,2,0,0.505
5273,1,1,0.505
5274,1,1,0.51
5275,2,0,0.51
5276,1,1,0.51
5277,2,0,0.505
5278,2,0,0.505
5279,1,1,0.505
5280,2,0,0.5
5281,2,0,0.5
5282,1,1,0.5
5283,1,1,0.505
5284,2,0,0.505
5285,1,1,0.505
5286,1,1,0.505
5287,2,0,0.505
5288,2,0,0.5
5289,1,1,0.5
5290,2,0,0.5
5291,1,1,0.505
5292,1,1,0.505
5293,2,0,0.505
5294,1,1,0.51
5295,1,1,0.51
5296,2,0,0.51
5297,2,0,0.505
5298,1,1,0.505
5299,2,0,0.505
5300,2,0,0.5
5301,1,1,0.505
5302,2,0,0.505
5303,1,1,0.505
5304,1,1,0.505
5305,2,0,0.505
5306,2,0,0.5
5307,1,1,0.5
5308,2,0,0.5
5309,2,0,0.5
5310,1,1,0.5
5311,1,1,0.505
5312,2,0,0.5
5313,1,1,0.5
5314,2,0,0.5
5315,2,0,0.495
5316,1,1,0.495
5317,2,0,0.495
5318,1,1,0.5
5319,1,1,0.5
5320,2,0,0.5
5321,1,1,0.505
5322,1,1,0.505
5323,2,0,0.5
5324,2,0,0.5
5325,1,1,0.5
5326,2,0,0.5
5327,1,1,0.505
5328,1,1,0.505
5329,2,0,0.505
5330,1,1,0.505
5331,2,0,0.5
5332,2,0,0.5
5333,1,1,0.5
5334,1,1,0.5
5335,2,0,0.5
5336,1,1,0.505
5337,1,1,0.505
5338,2,0,0.505
5339,1,1,0.505
5340,2,0,0.5
5341,2,0,0.5
5342,1,1,0.5
5343,2,0,0.5
5344,1,1,0.505
5345,1,1,0.505
5346,2,0,0.5
5347,2,0,0.5
5348,1,1,0.5
5349,2,0,0.495
5350,2,0,0.495
5351,1,1,0.5
5352,1,1,0.5
5353,2,0,0.5
5354,1,1,0.505
5355,2,0,0.5
5356,2,0,0.5
5357,1,1,0.5
5358,2,0,0.495
5359,2,0,0.495
5360,1,1,0.495
5361,1,1,0.5
5362,2,0,0.5
5363,1,1,0.5
5364,1,1,0.5
5365,2,0,0.5
5366,1,1,0.5
5367,2,0,0.495
5368,2,0,0.495
5369,1,1,0.495
5370,1,1,0.5
5371,2,0,0.5
5372,1,1,0.5
5373,1,1,0.505
5374,2,0,0.505
5375,2,0,0.5
5376,1,1,0.5
5377,2,0,0.5
5378,2,0,0.495
5379,1,1,0.5
5380,2,0,0.5
5381,1,1,0.5
5382,1,1,0.505
5383,2,0,0.5
5384,1,1,0.5
5385,2,0,0.5
5386,2,0,0.5
5387,1,1,0.5
5388,1,1,0.505
5389,2,0,0.505
5390,1,1,0.505
5391,1,1,0.505
5392,2,0,0.505
5393,1,1,0.505
5394,2,0,0.5
5395,2,0,0.5
5396,1,1,0.5
5397,2,0,0.5
5398,2,0,0.5
5399,1,1,0.5
5400,1,1,0.505
5401,2,0,0.505
5402,1,1,0.505
5403,1,1,0.505
5404,2,0,0.505
5405,2,0,0.5
5406,1,1,0.505
5407,2,0,0.505
5408,1,1,0.505
5409,1,1,0.51
5410,2,0,0.505
5411,1,1,0.505
5412,2,0,0.505
5413,2,0,0.5
5414,1,1,0.5
5415,1,1,0.505
5416,2,0,0.505
5417,1,1,0.505
5418,1,1,0.51
5419,2,0,0.51
5420,1,1,0.51
5421,2,0,0.505
5422,2,0,0.505
5423,1,1,0.505
5424,2,0,0.505
5425,2,0,0.505
5426,1,1,0.505
5427,1,1,0.51
5428,2,0,0.505
5429,1,1,0.505
5430,2,0,0.505
5431,2,0,0.505
5432,1,1,0.505
5433,2,0,0.505
5434,1,1,0.51
5435,1,1,0.51
5436,2,0,0.51
5437,1,1,0.51
5438,1,1,0.51
5439,2,0,0.51
5440,2,0,0.505
5441,1,1,0.505
5442,2,0,0.505
5443,2,0,0.505
5444,1,1,0.505
5445,2,0,0.505
5446,1,1,0.505
5447,1,1,0.505
5448,2,0,0.505
5449,2,0,0.5
5450,1,1,0.505
5451,2,0,0.505
5452,2,0,0.5
5453,1,1,0.505
5454,1,1,0.51
5455,2,0,0.505
5456,1,1,0.505
5457,2,0,0.505
5458,2,0,0.5
5459,1,1,0.5
5460,2,0,0.5
5461,1,1,0.5
5462,1,1,0.505
5463,2,0,0.505
5464,1,1,0.505
5465,1,1,0.505
5466,2,0,0.505
5467,2,0,0.5
5468,1,1,0.5
5469,2,0,0.5
5470,1,1,0.505
5471,1,1,0.505
5472,2,0,0.505
5473,1,1,0.505
5474,2,0,0.5
5475,2,0,0.5
5476,1,1,0.5
5477,1,1,0.505
5478,2,0,0.505
5479,1,1,0.505
5480,1,1,0.51
5481,2,0,0.51
5482,1,1,0.51
5483,2,0,0.505
5484,2,0,0.505
5485,1,1,0.505
5486,2,0,0.5
5487,1,1,0.505
5488,1,1,0.51
5489,2,0,0.505
5490,2,0,0.505
5491,1,1,0.505
5492,2,0,0.5
5493,2,0,0.5
5494,1,1,0.5
5495,1,1,0.5
5496,2,0,0.5
5497,1,1,0.505
5498,1,1,0.505
5499,2,0,0.505
5500,1,1,0.51
5501,2,0,0.505
5502,2,0,0.505
5503,1,1,0.505
5504,2,0,0.5
5505,2,0,0.5
5506,1,1,0.505
5507,1,1,0.505
5508,2,0,0.505
5509,1,1,0.51
5510,2,0,0.505
5511,2,0,0.5
5512,1,1,0.505
5513,2,0,0.5
5514,1,1,0.505
5515,1,1,0.51
5516,2,0,0.505
5517,2,0,0.505
5518,1,1,0.505
5519,2,0,0.5
5520,2,0,0.5
5521,1,1,0.5
5522,2,0,0.495
5523,1,1,0.5
5524,1,1,0.505
5525,2,0,0.5
5526,1,1,0.505
5527,2,0,0.5
5528,2,0,0.495
5529,1,1,0.5
5530,1,1,0.5
5531,2,0,0.5
5532,1,1,0.505
5533,1,1,0.505
5534,2,0,0.5
5535,2,0,0.5
5536,1,1,0.5
5537,2,0,0.495
5538,1,1,0.5
5539,1,1,0.5
5540,2,0,0.5
5541,1,1,0.505
5542,1,1,0.505
5543,2,0,0.505
5544,2,0,0.5
5545,1,1,0.5
5546,2,0,0.5
5547,2,0,0.5
5548,1,1,0.5
5549,2,0,0.5
5550,1,1,0.505
5551,1,1,0.505
5552,2,0,0.5
5553,1,1,0.505
5554,2,0,0.5
5555,2,0,0.5
5556,1,1,0.505
5557,1,1,0.505
5558,2,0,0.505
5559,1,1,0.51
5560,1,1,0.51
5561,2,0,0.505
5562,2,0,0.505
5563,1,1,0.505
5564,2,0,0.5
5565,2,0,0.5
5566,1,1,0.5
5567,2,0,0.5
5568,1,1,0.505
5569,1,1,0.505
5570,2,0,0.5
5571,2,0,0.5
5572,1,1,0.5
5573,2,0,0.495
5574,2,0,0.495
5575,1,1,0.5
5576,1,1,0.5
5577,2,0,0.5
5578,1,1,0.505
5579,2,0,0.5
5580,2,0,0.5
5581,1,1,0.5
5582,2,0,0.495
5583,2,0,0.495
5584,1,1,0.495
5585,1,1,0.5
5586,2,0,0.5
5587,1,1,0.5
5588,1,1,0.5
5589,2,0,0.5
5590,2,0,0.495
5591,1,1,0.495
5592,2,0,0.495
5593,1,1,0.495
5594,1,1,0.5
5595,2,0,0.5
5596,1,1,0.5
5597,2,0,0.5
5598,2,0,0.5
5599,1,1,0.5
5600,1,1,0.5
5601,2,0,0.5
5602,1,1,0.5
5603,1,1,0.5
5604,2,0,0.5
5605,1,1,0.505
5606,2,0,0.5
5607,2,0,0.5
5608,1,1,0.5
5609,2,0,0.495
5610,2,0,0.495
5611,1,1,0.495
5612,1,1,0.5
5613,2,0,0.5
5614,1,1,0.5
5615,1,1,0.5
5616,2,0,0.5
5617,2,0,0.495
5618,1,1,0.495
5619,2,0,0.495
5620,1,1,0.495
5621,1,1,0.5
5622,2,0,0.5
5623,1,1,0.5
5624,1,1,0.505
5625,2,0,0.505
5626,2,0,0.5
5627,1,1,0.5
5628,2,0,0.5
5629,2,0,0.495
5630,1,1,0.5
5631,2,0,0.5
5632,1,1,0.5
5633,1,1,0.505
5634,2,0,0.5
5635,2,0,0.495
5636,1,1,0.5
5637,2,0,0.495
5638,2,0,0.49
5639,1,1,0.495
5640,1,1,0.5
5641,2,0,0.495
5642,1,1,0.5
5643,2,0,0.5
5644,2,0,0.495
5645,1,1,0.5
5646,2,0,0.495
5647,1,1,0.495
5648,1,1,0.5
5649,2,0,0.5
5650,1,1,0.5
5651,1,1,0.505
5652,2,0,0.505
5653,2,0,0.5
5654,1,1,0.5
5655,2,0,0.5
5656,2,0,0.495
5657,1,1,0.5
5658,1,1,0.505
5659,2,0,0.5
5660,1,1,0.505
5661,2,0,0.5
5662,2,0,0.495
5663,1,1,0.5
5664,2,0,0.495
5665,2,0,0.49
5666,1,1,0.495
5667,1,1,0.5
5668,2,0,0.495
5669,1,1,0.5
5670,1,1,0.5
5671,2,0,0.495
5672,1,1,0.5
5673,2,0,0.495
5674,2,0,0.495
5675,1,1,0.5
5676,2,0,0.495
5677,1,1,0.495
5678,1,1,0.5
5679,2,0,0.495
5680,2,0,0.49
5681,1,1,0.495
5682,2,0,0.49
5683,2,0,0.49
5684,1,1,0.495
5685,1,1,0.495
5686,2,0,0.495
5687,1,1,0.495
5688,2,0,0.49
5689,2,0,0.49
5690,1,1,0.495
5691,2,0,0.49
5692,2,0,0.49
5693,1,1,0.495
5694,1,1,0.495
5695,2,0,0.49
5696,1,1,0.495
5697,1,1,0.495
5698,2,0,0.49
5699,1,1,0.495
5700,2,0,0.49
5701,2,0,0.49
5702,1,1,0.495
5703,1,1,0.495
5704,2,0,0.495
5705,1,1,0.5
5706,1,1,0.5
5707,2,0,0.495
5708,2,0,0.495
5709,1,1,0.495
5710,2,0,0.495
5711,2,0,0.495
5712,1,1,0.495
5713,2,0,0.495
5714,1,1,0.495
5715,1,1,0.495
5716,2,0,0.495
5717,1,1,0.5
5718,2,0,0.495
5719,2,0,0.495
5720,1,1,0.5
5721,1,1,0.5
5722,2,0,0.5
5723,1,1,0.5
5724,1,1,0.5
5725,2,0,0.5
5726,1,1,0.5
5727,2,0,0.5
5728,2,0,0.5
5729,1,1,0.5
5730,2,0,0.495
5731,2,0,0.495
5732,1,1,0.495
5733,1,1,0.495
5734,2,0,0.495
5735,1,1,0.5
5736,1,1,0.5
5737,2,0,0.5
5738,2,0,0.495
5739,1,1,0.495
5740,2,0,0.495
5741,1,1,0.495
5742,1,1,0.495
5743,2,0,0.495
5744,1,1,0.5
5745,2,0,0.495
5746,2,0,0.495
5747,1,1,0.5
5748,2,0,0.495
5749,2,0,0.495
5750,1,1,0.495
5751,1,1,0.495
5752,2,0,0.495
5753,1,1,0.495
5754,2,0,0.495
5755,2,0,0.495
5756,1,1,0.495
5757,2,0,0.49
5758,1,1,0.495
5759,1,1,0.495
5760,2,0,0.49
5761,2,0,0.49
5762,1,1,0.495
5763,2,0,0.49
5764,2,0,0.49
5765,1,1,0.495
5766,2,0,0.49
5767,1,1,0.495
5768,1,1,0.495
5769,2,0,0.49
5770,1,1,0.495
5771,1,1,0.5
5772,2,0,0.495
5773,2,0,0.495
5774,1,1,0.5
5775,2,0,0.495
5776,2,0,0.49
5777,1,1,0.495
5778,1,1,0.495
5779,2,0,0.495
5780,1,1,0.5
5781,2,0,0.495
5782,2,0,0.495
5783,1,1,0.5
5784,2,0,0.495
5785,1,1,0.495
5786,1,1,0.5
5787,2,0,0.495
5788,2,0,0.49
5789,1,1,0.495
5790,2,0,0.495
5791,2,0,0.49
5792,1,1,0.495
5793,2,0,0.49
5794,1,1,0.49
5795,1,1,0.495
5796,2,0,0.49
5797,1,1,0.495
5798,2,0,0.495
5799,2,0,0.49
5800,1,1,0.49
5801,1,1,0.495
5802,2,0,0.49
5803,1,1,0.49
5804,1,1,0.495
5805,2,0,0.49
5806,2,0,0.49
5807,1,1,0.495
5808,2,0,0.49
5809,2,0,0.49
5810,1,1,0.495
5811,2,0,0.49
5812,1,1,0.49
5813,1,1,0.495
5814,2,0,0.49
5815,2,0,0.485
5816,1,1,0.49
5817,2,0,0.49
5818,2,0,0.485
5819,1,1,0.49
5820,1,1,0.49
5821,2,0,0.485
5822,1,1,0.49
5823,2,0,0.485
5824,2,0,0.48
5825,1,1,0.485
5826,2,0,0.485
5827,2,0,0.48
5828,1,1,0.485
5829,1,1,0.49
5830,2,0,0.485
5831,1,1,0.49
5832,1,1,0.49
5833,2,0,0.485
5834,1,1,0.49
5835,2,0,0.49
5836,2,0,0.485
5837,1,1,0.49
5838,2,0,0.49
5839,1,1,0.49
5840,1,1,0.49
5841,2,0,0.49
5842,2,0,0.485
5843,1,1,0.49
5844,2,0,0.49
5845,2,0,0.485
5846,1,1,0.49
5847,2,0,0.485
5848,1,1,0.485
5849,1,1,0.49
5850,2,0,0.485
5851,1,1,0.485
5852,1,1,0.49
5853,2,0,0.49
5854,2,0,0.485
5855,1,1,0.49
5856,2,0,0.49
5857,1,1,0.49
5858,1,1,0.49
5859,2,0,0.49
5860,1,1,0.49
5861,2,0,0.49
5862,2,0,0.49
5863,1,1,0.49
5864,2,0,0.49
5865,2,0,0.49
5866,1,1,0.49
5867,1,1,0.49
5868,2,0,0.49
5869,1,1,0.49
5870,1,1,0.49
5871,2,0,0.49
5872,1,1,0.49
5873,2,0,0.49
5874,2,0,0.49
5875,1,1,0.49
5876,1,1,0.495
5877,2,0,0.49
5878,1,1,0.49
5879,1,1,0.495
5880,2,0,0.495
5881,2,0,0.49
5882,1,1,0.495
5883,2,0,0.495
5884,1,1,0.495
5885,1,1,0.495
5886,2,0,0.495
5887,1,1,0.495
5888,1,1,0.5
5889,2,0,0.5
5890,2,0,0.495
5891,1,1,0.5
5892,2,0,0.5
5893,2,0,0.495
5894,1,1,0.495
5895,1,1,0.5
5896,2,0,0.495
5897,1,1,0.495
5898,2,0,0.495
5899,2,0,0.49
5900,1,1,0.495
5901,2,0,0.495
5902,1,1,0.495
5903,1,1,0.495
5904,2,0,0.495
5905,1,1,0.495
5906,1,1,0.495
5907,2,0,0.495
5908,2,0,0.495
5909,1,1,0.495
5910,2,0,0.495
5911,2,0,0.495
5912,1,1,0.495
5913,2,0,0.495
5914,1,1,0.495
5915,1,1,0.495
5916,2,0,0.495
5917,2,0,0.49
5918,1,1,0.495
5919,2,0,0.495
5920,2,0,0.49
5921,1,1,0.49
5922,1,1,0.495
5923,2,0,0.49
5924,1,1,0.49
5925,2,0,0.49
5926,2,0,0.485
5927,1,1,0.49
5928,2,0,0.49
5929,1,1,0.49
5930,1,1,0.495
5931,2,0,0.495
5932,1,1,0.495
5933,1,1,0.495
5934,2,0,0.495
5935,2,0,0.49
5936,1,1,0.49
5937,2,0,0.49
5938,1,1,0.495
5939,1,1,0.495
5940,2,0,0.495
5941,1,1,0.495
5942,2,0,0.49
5943,2,0,0.49
5944,1,1,0.49
5945,1,1,0.495
5946,2,0,0.495
5947,1,1,0.495
5948,1,1,0.5
5949,2,0,0.5
5950,1,1,0.5
5951,2,0,0.495
5952,2,0,0.495
5953,1,1,0.495
5954,2,0,0.495
5955,2,0,0.495
5956,1,1,0.495
5957,1,1,0.5
5958,2,0,0.495
5959,1,1,0.495
5960,1,1,0.5
5961,2,0,0.5
5962,2,0,0.495
5963,1,1,0.5
5964,2,0,0.5
5965,1,1,0.5
5966,1,1,0.505
5967,2,0,0.5
5968,1,1,0.5
5969,2,0,0.5
5970,2,0,0.495
5971,1,1,0.495
5972,2,0,0.495
5973,2,0,0.495
5974,1,1,0.495
5975,1,1,0.5
5976,2,0,0.5
5977,1,1,0.5
5978,2,0,0.495
5979,2,0,0.495
5980,1,1,0.495
5981,2,0,0.495
5982,1,1,0.5
5983,1,1,0.5
5984,2,0,0.5
5985,2,0,0.495
5986,1,1,0.495
5987,2,0,0.495
5988,2,0,0.495
5989,1,1,0.495
5990,1,1,0.5
5991,2,0,0.5
5992,1,1,0.5
5993,1,1,0.505
5994,2,0,0.5
5995,1,1,0.5
5996,2,0,0.5
5997,2,0,0.495
5998,1,1,0.5
5999,2,0,0.5
6000,2,0,0.495
